lms,faces
/media/raghav/spectrograms/id10003,/media/raghav/faces/Aamir_Khan
/media/raghav/spectrograms/id10004,/media/raghav/faces/Aaron_Tveit
/media/raghav/spectrograms/id10005,/media/raghav/faces/Aaron_Yoo
/media/raghav/spectrograms/id10007,/media/raghav/faces/Abigail_Breslin
/media/raghav/spectrograms/id10008,/media/raghav/faces/Abigail_Spencer
/media/raghav/spectrograms/id10009,/media/raghav/faces/Adam_Beach
/media/raghav/spectrograms/id10010,/media/raghav/faces/Adam_Brody
/media/raghav/spectrograms/id10011,/media/raghav/faces/Adam_Copeland
/media/raghav/spectrograms/id10012,/media/raghav/faces/Adam_Driver
/media/raghav/spectrograms/id10013,/media/raghav/faces/Adrianne_Curry
/media/raghav/spectrograms/id10014,/media/raghav/faces/Adrianne_Palicki
/media/raghav/spectrograms/id10015,/media/raghav/faces/Agyness_Deyn
/media/raghav/spectrograms/id10016,/media/raghav/faces/Aidan_Turner
/media/raghav/spectrograms/id10017,/media/raghav/faces/Ajay_Devgn
/media/raghav/spectrograms/id10018,/media/raghav/faces/Akshay_Kumar
/media/raghav/spectrograms/id10019,/media/raghav/faces/Alain_Delon
/media/raghav/spectrograms/id10020,/media/raghav/faces/Alan_Alda
/media/raghav/spectrograms/id10021,/media/raghav/faces/Alan_Cumming
/media/raghav/spectrograms/id10022,/media/raghav/faces/Alan_Rickman
/media/raghav/spectrograms/id10023,/media/raghav/faces/Alan_Tudyk
/media/raghav/spectrograms/id10024,/media/raghav/faces/Alba_Rohrwacher
/media/raghav/spectrograms/id10025,/media/raghav/faces/Aldis_Hodge
/media/raghav/spectrograms/id10026,/media/raghav/faces/Alex_Borstein
/media/raghav/spectrograms/id10027,/media/raghav/faces/Alex_Kingston
/media/raghav/spectrograms/id10028,/media/raghav/faces/Alex_Pettyfer
/media/raghav/spectrograms/id10029,/media/raghav/faces/Alex_Trebek
/media/raghav/spectrograms/id10030,/media/raghav/faces/Alexa_Davalos
/media/raghav/spectrograms/id10031,/media/raghav/faces/Alexander_Siddig
/media/raghav/spectrograms/id10032,/media/raghav/faces/Alexandra_Daddario
/media/raghav/spectrograms/id10033,/media/raghav/faces/Alexandra_Roach
/media/raghav/spectrograms/id10034,/media/raghav/faces/Alexz_Johnson
/media/raghav/spectrograms/id10035,/media/raghav/faces/Alfre_Woodard
/media/raghav/spectrograms/id10036,/media/raghav/faces/Alice_Eve
/media/raghav/spectrograms/id10037,/media/raghav/faces/Alicja_Bachleda
/media/raghav/spectrograms/id10038,/media/raghav/faces/Alison_Arngrim
/media/raghav/spectrograms/id10039,/media/raghav/faces/Alison_Pill
/media/raghav/spectrograms/id10040,/media/raghav/faces/Allison_Williams
/media/raghav/spectrograms/id10041,/media/raghav/faces/Amanda_Seyfried
/media/raghav/spectrograms/id10042,/media/raghav/faces/Amaury_Nolasco
/media/raghav/spectrograms/id10043,/media/raghav/faces/Amber_Riley
/media/raghav/spectrograms/id10044,/media/raghav/faces/America_Ferrera
/media/raghav/spectrograms/id10045,/media/raghav/faces/Amitabh_Bachchan
/media/raghav/spectrograms/id10046,/media/raghav/faces/Amy_Poehler
/media/raghav/spectrograms/id10047,/media/raghav/faces/Amy_Schumer
/media/raghav/spectrograms/id10048,/media/raghav/faces/Ana_Gasteyer
/media/raghav/spectrograms/id10049,/media/raghav/faces/Andre_Braugher
/media/raghav/spectrograms/id10050,/media/raghav/faces/Andrea_Riseborough
/media/raghav/spectrograms/id10051,/media/raghav/faces/Andrew_Dice_Clay
/media/raghav/spectrograms/id10052,/media/raghav/faces/Andrew_Garfield
/media/raghav/spectrograms/id10053,/media/raghav/faces/Andrew_Lee_Potts
/media/raghav/spectrograms/id10054,/media/raghav/faces/Andrew_Rannells
/media/raghav/spectrograms/id10055,/media/raghav/faces/Andrew_Scott
/media/raghav/spectrograms/id10056,/media/raghav/faces/Andy_Richter
/media/raghav/spectrograms/id10057,/media/raghav/faces/Andy_Samberg
/media/raghav/spectrograms/id10058,/media/raghav/faces/Aneurin_Barnard
/media/raghav/spectrograms/id10059,/media/raghav/faces/Ang_Lee
/media/raghav/spectrograms/id10060,/media/raghav/faces/Angela_Kinsey
/media/raghav/spectrograms/id10061,/media/raghav/faces/Anne_Hathaway
/media/raghav/spectrograms/id10062,/media/raghav/faces/Ansel_Elgort
/media/raghav/spectrograms/id10063,/media/raghav/faces/Anthony_Anderson
/media/raghav/spectrograms/id10064,/media/raghav/faces/Anthony_Mackie
/media/raghav/spectrograms/id10065,/media/raghav/faces/Anthony_Rapp
/media/raghav/spectrograms/id10066,/media/raghav/faces/Anton_Yelchin
/media/raghav/spectrograms/id10067,/media/raghav/faces/Antonio_Cupo
/media/raghav/spectrograms/id10068,/media/raghav/faces/Arden_Cho
/media/raghav/spectrograms/id10069,/media/raghav/faces/Armand_Assante
/media/raghav/spectrograms/id10070,/media/raghav/faces/Armie_Hammer
/media/raghav/spectrograms/id10071,/media/raghav/faces/Asa_Butterfield
/media/raghav/spectrograms/id10072,/media/raghav/faces/Ashley_Greene
/media/raghav/spectrograms/id10073,/media/raghav/faces/Ashley_Jensen
/media/raghav/spectrograms/id10074,/media/raghav/faces/Audra_McDonald
/media/raghav/spectrograms/id10075,/media/raghav/faces/Audrina_Patridge
/media/raghav/spectrograms/id10076,/media/raghav/faces/Avan_Jogia
/media/raghav/spectrograms/id10078,/media/raghav/faces/Barbara_Eden
/media/raghav/spectrograms/id10079,/media/raghav/faces/Barbara_Hershey
/media/raghav/spectrograms/id10080,/media/raghav/faces/Bear_Grylls
/media/raghav/spectrograms/id10081,/media/raghav/faces/Bellamy_Young
/media/raghav/spectrograms/id10082,/media/raghav/faces/Ben_Feldman
/media/raghav/spectrograms/id10083,/media/raghav/faces/Ben_McKenzie
/media/raghav/spectrograms/id10084,/media/raghav/faces/Ben_Stiller
/media/raghav/spectrograms/id10085,/media/raghav/faces/Ben_Whishaw
/media/raghav/spectrograms/id10086,/media/raghav/faces/Beth_Grant
/media/raghav/spectrograms/id10087,/media/raghav/faces/Bethany_Mota
/media/raghav/spectrograms/id10088,/media/raghav/faces/Betty_White
/media/raghav/spectrograms/id10089,/media/raghav/faces/Bill_Nighy
/media/raghav/spectrograms/id10090,/media/raghav/faces/Bill_Pullman
/media/raghav/spectrograms/id10091,/media/raghav/faces/Billie_Joe_Armstrong
/media/raghav/spectrograms/id10092,/media/raghav/faces/Bingbing_Li
/media/raghav/spectrograms/id10093,/media/raghav/faces/Blair_Underwood
/media/raghav/spectrograms/id10094,/media/raghav/faces/Blake_Michael
/media/raghav/spectrograms/id10095,/media/raghav/faces/Blake_Shelton
/media/raghav/spectrograms/id10096,/media/raghav/faces/Bob_Barker
/media/raghav/spectrograms/id10097,/media/raghav/faces/Bobby_Cannavale
/media/raghav/spectrograms/id10098,/media/raghav/faces/Bonnie_Wright
/media/raghav/spectrograms/id10099,/media/raghav/faces/Booboo_Stewart
/media/raghav/spectrograms/id10100,/media/raghav/faces/Brad_Paisley
/media/raghav/spectrograms/id10101,/media/raghav/faces/Bradley_Steven_Perry
/media/raghav/spectrograms/id10102,/media/raghav/faces/Breckin_Meyer
/media/raghav/spectrograms/id10103,/media/raghav/faces/Brenda_Blethyn
/media/raghav/spectrograms/id10104,/media/raghav/faces/Brendan_Gleeson
/media/raghav/spectrograms/id10105,/media/raghav/faces/Brett_Davern
/media/raghav/spectrograms/id10106,/media/raghav/faces/Brian_Blessed
/media/raghav/spectrograms/id10107,/media/raghav/faces/Brian_Cox
/media/raghav/spectrograms/id10108,/media/raghav/faces/Brian_Dennehy
/media/raghav/spectrograms/id10109,/media/raghav/faces/Bridget_Moynahan
/media/raghav/spectrograms/id10110,/media/raghav/faces/Bridget_Regan
/media/raghav/spectrograms/id10111,/media/raghav/faces/Brit_Marling
/media/raghav/spectrograms/id10112,/media/raghav/faces/Brooke_Burke-Charvet
/media/raghav/spectrograms/id10113,/media/raghav/faces/Bruce_Boxleitner
/media/raghav/spectrograms/id10114,/media/raghav/faces/Bruno_Ganz
/media/raghav/spectrograms/id10115,/media/raghav/faces/Bruno_Mars
/media/raghav/spectrograms/id10116,/media/raghav/faces/Burt_Reynolds
/media/raghav/spectrograms/id10117,/media/raghav/faces/CCH_Pounder
/media/raghav/spectrograms/id10118,/media/raghav/faces/Caitriona_Balfe
/media/raghav/spectrograms/id10119,/media/raghav/faces/Caity_Lotz
/media/raghav/spectrograms/id10120,/media/raghav/faces/Callan_McAuliffe
/media/raghav/spectrograms/id10121,/media/raghav/faces/Callie_Thorne
/media/raghav/spectrograms/id10122,/media/raghav/faces/Cameron_Boyce
/media/raghav/spectrograms/id10123,/media/raghav/faces/Candace_Cameron_Bure
/media/raghav/spectrograms/id10124,/media/raghav/faces/Candice_Accola
/media/raghav/spectrograms/id10125,/media/raghav/faces/Candice_Patton
/media/raghav/spectrograms/id10126,/media/raghav/faces/Caroline_Rhea
/media/raghav/spectrograms/id10127,/media/raghav/faces/Carolyn_Hennesy
/media/raghav/spectrograms/id10128,/media/raghav/faces/Carrie_Ann_Inaba
/media/raghav/spectrograms/id10129,/media/raghav/faces/Carrie_Fisher
/media/raghav/spectrograms/id10130,/media/raghav/faces/Carrie_Underwood
/media/raghav/spectrograms/id10131,/media/raghav/faces/Casey_Affleck
/media/raghav/spectrograms/id10132,/media/raghav/faces/Casey_Wilson
/media/raghav/spectrograms/id10133,/media/raghav/faces/Cassandra_Peterson
/media/raghav/spectrograms/id10134,/media/raghav/faces/Caterina_Murino
/media/raghav/spectrograms/id10135,/media/raghav/faces/Caterina_Scorsone
/media/raghav/spectrograms/id10136,/media/raghav/faces/Catherine_Hardwicke
/media/raghav/spectrograms/id10137,/media/raghav/faces/Cedric_the_Entertainer
/media/raghav/spectrograms/id10138,/media/raghav/faces/Celia_Imrie
/media/raghav/spectrograms/id10139,/media/raghav/faces/Chace_Crawford
/media/raghav/spectrograms/id10140,/media/raghav/faces/Chadwick_Boseman
/media/raghav/spectrograms/id10141,/media/raghav/faces/Charice
/media/raghav/spectrograms/id10142,/media/raghav/faces/Charles_Dance
/media/raghav/spectrograms/id10145,/media/raghav/faces/Charlotte_Gainsbourg
/media/raghav/spectrograms/id10146,/media/raghav/faces/Chazz_Palminteri
/media/raghav/spectrograms/id10147,/media/raghav/faces/Chelsea_Handler
/media/raghav/spectrograms/id10148,/media/raghav/faces/Cher
/media/raghav/spectrograms/id10149,/media/raghav/faces/Cheryl_Ladd
/media/raghav/spectrograms/id10150,/media/raghav/faces/Chi_McBride
/media/raghav/spectrograms/id10151,/media/raghav/faces/Chiwetel_Ejiofor
/media/raghav/spectrograms/id10152,/media/raghav/faces/Chloe_Bennet
/media/raghav/spectrograms/id10153,/media/raghav/faces/Chloe_Dykstra
/media/raghav/spectrograms/id10154,/media/raghav/faces/Chris_Colfer
/media/raghav/spectrograms/id10155,/media/raghav/faces/Chris_Hemsworth
/media/raghav/spectrograms/id10156,/media/raghav/faces/Chris_Lowell
/media/raghav/spectrograms/id10157,/media/raghav/faces/Chris_Martin
/media/raghav/spectrograms/id10158,/media/raghav/faces/Chris_Messina
/media/raghav/spectrograms/id10159,/media/raghav/faces/Chris_Pine
/media/raghav/spectrograms/id10160,/media/raghav/faces/Christian_Kane
/media/raghav/spectrograms/id10161,/media/raghav/faces/Christina_Hendricks
/media/raghav/spectrograms/id10162,/media/raghav/faces/Christina_Ricci
/media/raghav/spectrograms/id10163,/media/raghav/faces/Christopher_Mintz-Plasse
/media/raghav/spectrograms/id10164,/media/raghav/faces/Cierra_Ramirez
/media/raghav/spectrograms/id10165,/media/raghav/faces/Cilla_Black
/media/raghav/spectrograms/id10166,/media/raghav/faces/Cillian_Murphy
/media/raghav/spectrograms/id10167,/media/raghav/faces/Cindy_Williams
/media/raghav/spectrograms/id10168,/media/raghav/faces/Claudia_Black
/media/raghav/spectrograms/id10169,/media/raghav/faces/Claudia_Lee
/media/raghav/spectrograms/id10170,/media/raghav/faces/Cliff_Curtis
/media/raghav/spectrograms/id10171,/media/raghav/faces/Clive_Owen
/media/raghav/spectrograms/id10172,/media/raghav/faces/Colin_Donnell
/media/raghav/spectrograms/id10173,/media/raghav/faces/Constance_Zimmer
/media/raghav/spectrograms/id10174,/media/raghav/faces/Corbin_Bleu
/media/raghav/spectrograms/id10175,/media/raghav/faces/Corey_Stoll
/media/raghav/spectrograms/id10176,/media/raghav/faces/Cory_Monteith
/media/raghav/spectrograms/id10177,/media/raghav/faces/Costas_Mandylor
/media/raghav/spectrograms/id10178,/media/raghav/faces/Cote_de_Pablo
/media/raghav/spectrograms/id10179,/media/raghav/faces/Cristin_Milioti
/media/raghav/spectrograms/id10180,/media/raghav/faces/Cyndi_Lauper
/media/raghav/spectrograms/id10181,/media/raghav/faces/Dakota_Fanning
/media/raghav/spectrograms/id10182,/media/raghav/faces/Damian_Lewis
/media/raghav/spectrograms/id10183,/media/raghav/faces/Damon_Lindelof
/media/raghav/spectrograms/id10184,/media/raghav/faces/Damon_Wayans
/media/raghav/spectrograms/id10185,/media/raghav/faces/Dan_Aykroyd
/media/raghav/spectrograms/id10186,/media/raghav/faces/Dan_Fogler
/media/raghav/spectrograms/id10187,/media/raghav/faces/Dan_Stevens
/media/raghav/spectrograms/id10188,/media/raghav/faces/Dana_Delany
/media/raghav/spectrograms/id10189,/media/raghav/faces/Dane_Cook
/media/raghav/spectrograms/id10190,/media/raghav/faces/Danica_McKellar
/media/raghav/spectrograms/id10191,/media/raghav/faces/Daniel_Auteuil
/media/raghav/spectrograms/id10192,/media/raghav/faces/Daniel_Craig
/media/raghav/spectrograms/id10193,/media/raghav/faces/Daniel_Dae_Kim
/media/raghav/spectrograms/id10194,/media/raghav/faces/Daniel_Tosh
/media/raghav/spectrograms/id10195,/media/raghav/faces/Danielle_Campbell
/media/raghav/spectrograms/id10196,/media/raghav/faces/Danielle_Panabaker
/media/raghav/spectrograms/id10197,/media/raghav/faces/Danny_Dyer
/media/raghav/spectrograms/id10198,/media/raghav/faces/Danny_McBride
/media/raghav/spectrograms/id10199,/media/raghav/faces/Danny_Pino
/media/raghav/spectrograms/id10200,/media/raghav/faces/Darren_Criss
/media/raghav/spectrograms/id10201,/media/raghav/faces/Dave_Bautista
/media/raghav/spectrograms/id10202,/media/raghav/faces/Dave_Foley
/media/raghav/spectrograms/id10203,/media/raghav/faces/David_Attenborough
/media/raghav/spectrograms/id10205,/media/raghav/faces/David_Faustino
/media/raghav/spectrograms/id10206,/media/raghav/faces/David_Giuntoli
/media/raghav/spectrograms/id10207,/media/raghav/faces/David_Harewood
/media/raghav/spectrograms/id10208,/media/raghav/faces/David_Henrie
/media/raghav/spectrograms/id10209,/media/raghav/faces/David_Jason
/media/raghav/spectrograms/id10210,/media/raghav/faces/David_Koechner
/media/raghav/spectrograms/id10211,/media/raghav/faces/David_Kross
/media/raghav/spectrograms/id10212,/media/raghav/faces/David_Letterman
/media/raghav/spectrograms/id10213,/media/raghav/faces/David_Lyons
/media/raghav/spectrograms/id10214,/media/raghav/faces/David_Mamet
/media/raghav/spectrograms/id10215,/media/raghav/faces/David_Mazouz
/media/raghav/spectrograms/id10216,/media/raghav/faces/David_Morrissey
/media/raghav/spectrograms/id10217,/media/raghav/faces/David_Morse
/media/raghav/spectrograms/id10218,/media/raghav/faces/David_Oyelowo
/media/raghav/spectrograms/id10219,/media/raghav/faces/David_Schwimmer
/media/raghav/spectrograms/id10220,/media/raghav/faces/David_Suchet
/media/raghav/spectrograms/id10221,/media/raghav/faces/David_Tennant
/media/raghav/spectrograms/id10222,/media/raghav/faces/David_Warner
/media/raghav/spectrograms/id10223,/media/raghav/faces/David_Wenham
/media/raghav/spectrograms/id10224,/media/raghav/faces/David_Zayas
/media/raghav/spectrograms/id10225,/media/raghav/faces/Dawn_French
/media/raghav/spectrograms/id10226,/media/raghav/faces/Dawn_Wells
/media/raghav/spectrograms/id10227,/media/raghav/faces/Dean_Cain
/media/raghav/spectrograms/id10228,/media/raghav/faces/Debi_Mazar
/media/raghav/spectrograms/id10229,/media/raghav/faces/Debra_Jo_Rupp
/media/raghav/spectrograms/id10230,/media/raghav/faces/Deidre_Hall
/media/raghav/spectrograms/id10231,/media/raghav/faces/Della_Reese
/media/raghav/spectrograms/id10232,/media/raghav/faces/Demian_Bichir
/media/raghav/spectrograms/id10233,/media/raghav/faces/Denis_Leary
/media/raghav/spectrograms/id10234,/media/raghav/faces/Denise_Crosby
/media/raghav/spectrograms/id10235,/media/raghav/faces/Derek_Jacobi
/media/raghav/spectrograms/id10236,/media/raghav/faces/Derek_Mears
/media/raghav/spectrograms/id10237,/media/raghav/faces/Derek_Theler
/media/raghav/spectrograms/id10238,/media/raghav/faces/Dermot_Mulroney
/media/raghav/spectrograms/id10239,/media/raghav/faces/Diablo_Cody
/media/raghav/spectrograms/id10240,/media/raghav/faces/Diane_Keaton
/media/raghav/spectrograms/id10241,/media/raghav/faces/Diane_Kruger
/media/raghav/spectrograms/id10242,/media/raghav/faces/Dick_Van_Dyke
/media/raghav/spectrograms/id10243,/media/raghav/faces/Diego_Klattenhoff
/media/raghav/spectrograms/id10244,/media/raghav/faces/Diego_Luna
/media/raghav/spectrograms/id10245,/media/raghav/faces/Diogo_Morgado
/media/raghav/spectrograms/id10246,/media/raghav/faces/Domhnall_Gleeson
/media/raghav/spectrograms/id10247,/media/raghav/faces/Dominic_Cooper
/media/raghav/spectrograms/id10248,/media/raghav/faces/Don_Rickles
/media/raghav/spectrograms/id10249,/media/raghav/faces/Donal_Logue
/media/raghav/spectrograms/id10250,/media/raghav/faces/Donald_Glover
/media/raghav/spectrograms/id10251,/media/raghav/faces/Donald_Sutherland
/media/raghav/spectrograms/id10252,/media/raghav/faces/Donna_Mills
/media/raghav/spectrograms/id10253,/media/raghav/faces/Donna_Murphy
/media/raghav/spectrograms/id10254,/media/raghav/faces/Donnie_Yen
/media/raghav/spectrograms/id10255,/media/raghav/faces/Dot-Marie_Jones
/media/raghav/spectrograms/id10256,/media/raghav/faces/Douglas_Booth
/media/raghav/spectrograms/id10257,/media/raghav/faces/Dougray_Scott
/media/raghav/spectrograms/id10258,/media/raghav/faces/Doutzen_Kroes
/media/raghav/spectrograms/id10259,/media/raghav/faces/Dove_Cameron
/media/raghav/spectrograms/id10261,/media/raghav/faces/Drake_Bell
/media/raghav/spectrograms/id10262,/media/raghav/faces/Drea_de_Matteo
/media/raghav/spectrograms/id10263,/media/raghav/faces/Dreama_Walker
/media/raghav/spectrograms/id10264,/media/raghav/faces/Drew_Carey
/media/raghav/spectrograms/id10265,/media/raghav/faces/Drew_Roy
/media/raghav/spectrograms/id10266,/media/raghav/faces/Dustin_Milligan
/media/raghav/spectrograms/id10267,/media/raghav/faces/Dyan_Cannon
/media/raghav/spectrograms/id10268,/media/raghav/faces/Dylan_McDermott
/media/raghav/spectrograms/id10269,/media/raghav/faces/Dylan_Moran
/media/raghav/spectrograms/id10270,/media/raghav/faces/Eartha_Kitt
/media/raghav/spectrograms/id10271,/media/raghav/faces/Ed_Westwick
/media/raghav/spectrograms/id10272,/media/raghav/faces/Eddie_Griffin
/media/raghav/spectrograms/id10273,/media/raghav/faces/Eddie_Izzard
/media/raghav/spectrograms/id10274,/media/raghav/faces/Eddie_Kaye_Thomas
/media/raghav/spectrograms/id10275,/media/raghav/faces/Eddie_McClintock
/media/raghav/spectrograms/id10276,/media/raghav/faces/Edgar_Wright
/media/raghav/spectrograms/id10277,/media/raghav/faces/Eduardo_Noriega
/media/raghav/spectrograms/id10278,/media/raghav/faces/Edward_Asner
/media/raghav/spectrograms/id10279,/media/raghav/faces/Efren_Ramirez
/media/raghav/spectrograms/id10280,/media/raghav/faces/Elaine_Cassidy
/media/raghav/spectrograms/id10281,/media/raghav/faces/Elaine_Hendrix
/media/raghav/spectrograms/id10282,/media/raghav/faces/Eleanor_Tomlinson
/media/raghav/spectrograms/id10283,/media/raghav/faces/Eli_Roth
/media/raghav/spectrograms/id10284,/media/raghav/faces/Eli_Wallach
/media/raghav/spectrograms/id10285,/media/raghav/faces/Elisabeth_Moss
/media/raghav/spectrograms/id10286,/media/raghav/faces/Elle_Fanning
/media/raghav/spectrograms/id10287,/media/raghav/faces/Ellen_Burstyn
/media/raghav/spectrograms/id10288,/media/raghav/faces/Ellen_Wong
/media/raghav/spectrograms/id10289,/media/raghav/faces/Elodie_Yung
/media/raghav/spectrograms/id10290,/media/raghav/faces/Emile_Hirsch
/media/raghav/spectrograms/id10291,/media/raghav/faces/Emily_Atack
/media/raghav/spectrograms/id10292,/media/raghav/faces/Emraan_Hashmi
/media/raghav/spectrograms/id10293,/media/raghav/faces/Eoin_Macken
/media/raghav/spectrograms/id10294,/media/raghav/faces/Eric_Braeden
/media/raghav/spectrograms/id10295,/media/raghav/faces/Eric_Dane
/media/raghav/spectrograms/id10296,/media/raghav/faces/Eric_McCormack
/media/raghav/spectrograms/id10297,/media/raghav/faces/Eric_Roberts
/media/raghav/spectrograms/id10298,/media/raghav/faces/Erik_Estrada
/media/raghav/spectrograms/id10299,/media/raghav/faces/Erin_Andrews
/media/raghav/spectrograms/id10300,/media/raghav/faces/Ernest_Borgnine
/media/raghav/spectrograms/id10301,/media/raghav/faces/Ernie_Hudson
/media/raghav/spectrograms/id10302,/media/raghav/faces/Esai_Morales
/media/raghav/spectrograms/id10303,/media/raghav/faces/Estelle_Harris
/media/raghav/spectrograms/id10304,/media/raghav/faces/Eugene_Levy
/media/raghav/spectrograms/id10305,/media/raghav/faces/Eugenio_Derbez
/media/raghav/spectrograms/id10306,/media/raghav/faces/Eva_Green
/media/raghav/spectrograms/id10307,/media/raghav/faces/Eva_Longoria
/media/raghav/spectrograms/id10308,/media/raghav/faces/Evanna_Lynch
/media/raghav/spectrograms/id10309,/media/raghav/faces/Ezra_Miller
/media/raghav/spectrograms/id10310,/media/raghav/faces/Fanny_Ardant
/media/raghav/spectrograms/id10311,/media/raghav/faces/Farrah_Abraham
/media/raghav/spectrograms/id10312,/media/raghav/faces/Fawad_Khan
/media/raghav/spectrograms/id10313,/media/raghav/faces/Felicia_Day
/media/raghav/spectrograms/id10314,/media/raghav/faces/Felicity_Jones
/media/raghav/spectrograms/id10315,/media/raghav/faces/Fergie
/media/raghav/spectrograms/id10316,/media/raghav/faces/Finola_Hughes
/media/raghav/spectrograms/id10317,/media/raghav/faces/Fiona_Shaw
/media/raghav/spectrograms/id10318,/media/raghav/faces/Florence_Henderson
/media/raghav/spectrograms/id10319,/media/raghav/faces/Forest_Whitaker
/media/raghav/spectrograms/id10320,/media/raghav/faces/Francia_Raisa
/media/raghav/spectrograms/id10321,/media/raghav/faces/Fred_Williamson
/media/raghav/spectrograms/id10322,/media/raghav/faces/Freddie_Highmore
/media/raghav/spectrograms/id10323,/media/raghav/faces/Freema_Agyeman
/media/raghav/spectrograms/id10324,/media/raghav/faces/Freida_Pinto
/media/raghav/spectrograms/id10325,/media/raghav/faces/Garrett_Hedlund
/media/raghav/spectrograms/id10326,/media/raghav/faces/Garry_Marshall
/media/raghav/spectrograms/id10327,/media/raghav/faces/Gary_Busey
/media/raghav/spectrograms/id10328,/media/raghav/faces/Gaspard_Ulliel
/media/raghav/spectrograms/id10329,/media/raghav/faces/Gates_McFadden
/media/raghav/spectrograms/id10330,/media/raghav/faces/Geena_Davis
/media/raghav/spectrograms/id10331,/media/raghav/faces/Gemma_Arterton
/media/raghav/spectrograms/id10332,/media/raghav/faces/Gemma_Atkinson
/media/raghav/spectrograms/id10333,/media/raghav/faces/Geri_Halliwell
/media/raghav/spectrograms/id10334,/media/raghav/faces/Gilles_Marini
/media/raghav/spectrograms/id10335,/media/raghav/faces/Gillian_Jacobs
/media/raghav/spectrograms/id10336,/media/raghav/faces/Gina_Carano
/media/raghav/spectrograms/id10337,/media/raghav/faces/Ginger_Rogers
/media/raghav/spectrograms/id10338,/media/raghav/faces/Ginnifer_Goodwin
/media/raghav/spectrograms/id10339,/media/raghav/faces/Giovanni_Ribisi
/media/raghav/spectrograms/id10340,/media/raghav/faces/Giuliana_Rancic
/media/raghav/spectrograms/id10341,/media/raghav/faces/Glen_Hansard
/media/raghav/spectrograms/id10342,/media/raghav/faces/Glenn_Close
/media/raghav/spectrograms/id10343,/media/raghav/faces/Gloria_Steinem
/media/raghav/spectrograms/id10344,/media/raghav/faces/Golshifteh_Farahani
/media/raghav/spectrograms/id10345,/media/raghav/faces/Goran_Visnjic
/media/raghav/spectrograms/id10346,/media/raghav/faces/Gordon_Ramsay
/media/raghav/spectrograms/id10347,/media/raghav/faces/Grant_Bowler
/media/raghav/spectrograms/id10348,/media/raghav/faces/Greer_Garson
/media/raghav/spectrograms/id10349,/media/raghav/faces/Greg_Finley
/media/raghav/spectrograms/id10350,/media/raghav/faces/Greg_Grunberg
/media/raghav/spectrograms/id10351,/media/raghav/faces/Gregg_Sulkin
/media/raghav/spectrograms/id10352,/media/raghav/faces/Greta_Gerwig
/media/raghav/spectrograms/id10353,/media/raghav/faces/Gugu_Mbatha-Raw
/media/raghav/spectrograms/id10354,/media/raghav/faces/Guillaume_Canet
/media/raghav/spectrograms/id10355,/media/raghav/faces/Guy_Pearce
/media/raghav/spectrograms/id10356,/media/raghav/faces/Gwendoline_Christie
/media/raghav/spectrograms/id10357,/media/raghav/faces/Hailee_Steinfeld
/media/raghav/spectrograms/id10358,/media/raghav/faces/Hal_Sparks
/media/raghav/spectrograms/id10359,/media/raghav/faces/Hannah_Simone
/media/raghav/spectrograms/id10360,/media/raghav/faces/Hannah_Spearritt
/media/raghav/spectrograms/id10361,/media/raghav/faces/Hans_Zimmer
/media/raghav/spectrograms/id10364,/media/raghav/faces/Harry_Treadaway
/media/raghav/spectrograms/id10365,/media/raghav/faces/Harvey_Keitel
/media/raghav/spectrograms/id10366,/media/raghav/faces/Hayley_Marie_Norman
/media/raghav/spectrograms/id10367,/media/raghav/faces/Heather_Graham
/media/raghav/spectrograms/id10368,/media/raghav/faces/Hector_Elizondo
/media/raghav/spectrograms/id10369,/media/raghav/faces/Heidi_Montag
/media/raghav/spectrograms/id10370,/media/raghav/faces/Heike_Makatsch
/media/raghav/spectrograms/id10371,/media/raghav/faces/Helena_Bonham_Carter
/media/raghav/spectrograms/id10372,/media/raghav/faces/Henry_Cavill
/media/raghav/spectrograms/id10373,/media/raghav/faces/Hilarie_Burton
/media/raghav/spectrograms/id10374,/media/raghav/faces/Hilary_Swank
/media/raghav/spectrograms/id10375,/media/raghav/faces/Hill_Harper
/media/raghav/spectrograms/id10376,/media/raghav/faces/Holliday_Grainger
/media/raghav/spectrograms/id10377,/media/raghav/faces/Hope_Solo
/media/raghav/spectrograms/id10378,/media/raghav/faces/Howie_Mandel
/media/raghav/spectrograms/id10379,/media/raghav/faces/Hugh_Bonneville
/media/raghav/spectrograms/id10380,/media/raghav/faces/Hugh_Dancy
/media/raghav/spectrograms/id10381,/media/raghav/faces/Hugh_Jackman
/media/raghav/spectrograms/id10382,/media/raghav/faces/Hugh_Laurie
/media/raghav/spectrograms/id10383,/media/raghav/faces/Hunter_Parrish
/media/raghav/spectrograms/id10384,/media/raghav/faces/Hye-kyo_Song
/media/raghav/spectrograms/id10385,/media/raghav/faces/Iain_Glen
/media/raghav/spectrograms/id10386,/media/raghav/faces/Ian_Somerhalder
/media/raghav/spectrograms/id10387,/media/raghav/faces/Idina_Menzel
/media/raghav/spectrograms/id10388,/media/raghav/faces/Imelda_Staunton
/media/raghav/spectrograms/id10389,/media/raghav/faces/India_de_Beaufort
/media/raghav/spectrograms/id10390,/media/raghav/faces/Indira_Varma
/media/raghav/spectrograms/id10391,/media/raghav/faces/Ingrid_Bergman
/media/raghav/spectrograms/id10392,/media/raghav/faces/Irina_Shayk
/media/raghav/spectrograms/id10393,/media/raghav/faces/Irrfan_Khan
/media/raghav/spectrograms/id10394,/media/raghav/faces/Isla_Fisher
/media/raghav/spectrograms/id10395,/media/raghav/faces/Iwan_Rheon
/media/raghav/spectrograms/id10396,/media/raghav/faces/Izabella_Scorupco
/media/raghav/spectrograms/id10399,/media/raghav/faces/Jack_Black
/media/raghav/spectrograms/id10400,/media/raghav/faces/Jack_Coleman
/media/raghav/spectrograms/id10401,/media/raghav/faces/Jack_Davenport
/media/raghav/spectrograms/id10402,/media/raghav/faces/Jack_Griffo
/media/raghav/spectrograms/id10403,/media/raghav/faces/Jack_Lemmon
/media/raghav/spectrograms/id10404,/media/raghav/faces/Jack_Reynor
/media/raghav/spectrograms/id10405,/media/raghav/faces/Jack_Whitehall
/media/raghav/spectrograms/id10406,/media/raghav/faces/Jacob_Latimore
/media/raghav/spectrograms/id10407,/media/raghav/faces/Jacqueline_Emerson
/media/raghav/spectrograms/id10408,/media/raghav/faces/Jacqueline_Fernandez
/media/raghav/spectrograms/id10409,/media/raghav/faces/Jacqueline_MacInnes_Wood
/media/raghav/spectrograms/id10410,/media/raghav/faces/Jai_Courtney
/media/raghav/spectrograms/id10411,/media/raghav/faces/Jaime_Winstone
/media/raghav/spectrograms/id10412,/media/raghav/faces/Jake_Abel
/media/raghav/spectrograms/id10413,/media/raghav/faces/Jake_Johnson
/media/raghav/spectrograms/id10415,/media/raghav/faces/Jamel_Debbouze
/media/raghav/spectrograms/id10416,/media/raghav/faces/James_Badge_Dale
/media/raghav/spectrograms/id10417,/media/raghav/faces/James_Cosmo
/media/raghav/spectrograms/id10418,/media/raghav/faces/James_Cromwell
/media/raghav/spectrograms/id10419,/media/raghav/faces/James_Earl_Jones
/media/raghav/spectrograms/id10420,/media/raghav/faces/James_Frain
/media/raghav/spectrograms/id10421,/media/raghav/faces/James_Lafferty
/media/raghav/spectrograms/id10422,/media/raghav/faces/James_Lipton
/media/raghav/spectrograms/id10423,/media/raghav/faces/James_Marsden
/media/raghav/spectrograms/id10424,/media/raghav/faces/James_Maslow
/media/raghav/spectrograms/id10425,/media/raghav/faces/James_Nesbitt
/media/raghav/spectrograms/id10426,/media/raghav/faces/James_Purefoy
/media/raghav/spectrograms/id10427,/media/raghav/faces/James_Roday
/media/raghav/spectrograms/id10428,/media/raghav/faces/James_Woods
/media/raghav/spectrograms/id10429,/media/raghav/faces/Jamie-Lynn_Sigler
/media/raghav/spectrograms/id10430,/media/raghav/faces/Jamie_Chung
/media/raghav/spectrograms/id10431,/media/raghav/faces/Jamie_Foxx
/media/raghav/spectrograms/id10432,/media/raghav/faces/Jana_Kramer
/media/raghav/spectrograms/id10433,/media/raghav/faces/Jane_Badler
/media/raghav/spectrograms/id10434,/media/raghav/faces/Janeane_Garofalo
/media/raghav/spectrograms/id10435,/media/raghav/faces/Janel_Parrish
/media/raghav/spectrograms/id10436,/media/raghav/faces/Janet_Jackson
/media/raghav/spectrograms/id10437,/media/raghav/faces/Janet_McTeer
/media/raghav/spectrograms/id10438,/media/raghav/faces/Janet_Montgomery
/media/raghav/spectrograms/id10439,/media/raghav/faces/Janice_Dickinson
/media/raghav/spectrograms/id10440,/media/raghav/faces/Janina_Gavankar
/media/raghav/spectrograms/id10441,/media/raghav/faces/Janine_Turner
/media/raghav/spectrograms/id10442,/media/raghav/faces/January_Jones
/media/raghav/spectrograms/id10443,/media/raghav/faces/Jared_Harris
/media/raghav/spectrograms/id10444,/media/raghav/faces/Jared_Leto
/media/raghav/spectrograms/id10445,/media/raghav/faces/Jasika_Nicole
/media/raghav/spectrograms/id10446,/media/raghav/faces/Jasmine_Guy
/media/raghav/spectrograms/id10447,/media/raghav/faces/Jason_Bateman
/media/raghav/spectrograms/id10448,/media/raghav/faces/Jason_Clarke
/media/raghav/spectrograms/id10449,/media/raghav/faces/Jason_David_Frank
/media/raghav/spectrograms/id10450,/media/raghav/faces/Jason_Dohring
/media/raghav/spectrograms/id10451,/media/raghav/faces/Jason_Earles
/media/raghav/spectrograms/id10452,/media/raghav/faces/Jason_Mantzoukas
/media/raghav/spectrograms/id10453,/media/raghav/faces/Jason_Segel
/media/raghav/spectrograms/id10454,/media/raghav/faces/Jay_Baruchel
/media/raghav/spectrograms/id10455,/media/raghav/faces/Jean-Marc_Barr
/media/raghav/spectrograms/id10456,/media/raghav/faces/Jean-Paul_Belmondo
/media/raghav/spectrograms/id10457,/media/raghav/faces/Jean_Reno
/media/raghav/spectrograms/id10458,/media/raghav/faces/Jean_Smart
/media/raghav/spectrograms/id10459,/media/raghav/faces/Jeanine_Mason
/media/raghav/spectrograms/id10460,/media/raghav/faces/Jeannie_Mai
/media/raghav/spectrograms/id10461,/media/raghav/faces/Jeff_Daniels
/media/raghav/spectrograms/id10462,/media/raghav/faces/Jeff_Garlin
/media/raghav/spectrograms/id10463,/media/raghav/faces/Jeff_Goldblum
/media/raghav/spectrograms/id10464,/media/raghav/faces/Jeffrey_Donovan
/media/raghav/spectrograms/id10465,/media/raghav/faces/Jeffrey_Tambor
/media/raghav/spectrograms/id10466,/media/raghav/faces/Jeffrey_Wright
/media/raghav/spectrograms/id10467,/media/raghav/faces/Jemaine_Clement
/media/raghav/spectrograms/id10468,/media/raghav/faces/Jen_Lilley
/media/raghav/spectrograms/id10469,/media/raghav/faces/Jenifer_Lewis
/media/raghav/spectrograms/id10470,/media/raghav/faces/Jenna_Coleman
/media/raghav/spectrograms/id10471,/media/raghav/faces/Jenna_Fischer
/media/raghav/spectrograms/id10472,/media/raghav/faces/Jennette_McCurdy
/media/raghav/spectrograms/id10473,/media/raghav/faces/Jennifer_Beals
/media/raghav/spectrograms/id10474,/media/raghav/faces/Jennifer_Carpenter
/media/raghav/spectrograms/id10475,/media/raghav/faces/Jennifer_Coolidge
/media/raghav/spectrograms/id10476,/media/raghav/faces/Jennifer_Ehle
/media/raghav/spectrograms/id10477,/media/raghav/faces/Jennifer_Esposito
/media/raghav/spectrograms/id10478,/media/raghav/faces/Jennifer_Saunders
/media/raghav/spectrograms/id10479,/media/raghav/faces/Jenny_Slate
/media/raghav/spectrograms/id10480,/media/raghav/faces/Jensen_Ackles
/media/raghav/spectrograms/id10481,/media/raghav/faces/Jeremy_Clarkson
/media/raghav/spectrograms/id10482,/media/raghav/faces/Jeremy_Irons
/media/raghav/spectrograms/id10483,/media/raghav/faces/Jeremy_Irvine
/media/raghav/spectrograms/id10484,/media/raghav/faces/Jeremy_Piven
/media/raghav/spectrograms/id10485,/media/raghav/faces/Jeremy_Renner
/media/raghav/spectrograms/id10486,/media/raghav/faces/Jeremy_Shada
/media/raghav/spectrograms/id10487,/media/raghav/faces/Jeremy_Sisto
/media/raghav/spectrograms/id10488,/media/raghav/faces/Jerry_Ferrara
/media/raghav/spectrograms/id10489,/media/raghav/faces/Jerry_Trainor
/media/raghav/spectrograms/id10490,/media/raghav/faces/Jesse_Eisenberg
/media/raghav/spectrograms/id10491,/media/raghav/faces/Jesse_McCartney
/media/raghav/spectrograms/id10492,/media/raghav/faces/Jesse_Metcalfe
/media/raghav/spectrograms/id10493,/media/raghav/faces/Jesse_Spencer
/media/raghav/spectrograms/id10494,/media/raghav/faces/Jesse_Williams
/media/raghav/spectrograms/id10495,/media/raghav/faces/Jessica_De_Gouw
/media/raghav/spectrograms/id10496,/media/raghav/faces/Jessica_Lowndes
/media/raghav/spectrograms/id10497,/media/raghav/faces/Jessie_J
/media/raghav/spectrograms/id10498,/media/raghav/faces/Jet_Li
/media/raghav/spectrograms/id10499,/media/raghav/faces/Jill_Scott
/media/raghav/spectrograms/id10500,/media/raghav/faces/Jillian_Harris
/media/raghav/spectrograms/id10501,/media/raghav/faces/Jillian_Michaels
/media/raghav/spectrograms/id10502,/media/raghav/faces/Jim_Broadbent
/media/raghav/spectrograms/id10503,/media/raghav/faces/Jim_Caviezel
/media/raghav/spectrograms/id10504,/media/raghav/faces/Jim_Jefferies
/media/raghav/spectrograms/id10505,/media/raghav/faces/Jim_Sturgess
/media/raghav/spectrograms/id10506,/media/raghav/faces/Jimmy_Fallon
/media/raghav/spectrograms/id10507,/media/raghav/faces/Joan_Allen
/media/raghav/spectrograms/id10508,/media/raghav/faces/Joan_Chen
/media/raghav/spectrograms/id10509,/media/raghav/faces/Joan_Cusack
/media/raghav/spectrograms/id10510,/media/raghav/faces/Joan_Rivers
/media/raghav/spectrograms/id10511,/media/raghav/faces/Joanna_Krupa
/media/raghav/spectrograms/id10512,/media/raghav/faces/Joanna_Lumley
/media/raghav/spectrograms/id10513,/media/raghav/faces/Joanne_Froggatt
/media/raghav/spectrograms/id10514,/media/raghav/faces/Joaquim_de_Almeida
/media/raghav/spectrograms/id10515,/media/raghav/faces/Joe_Flanigan
/media/raghav/spectrograms/id10516,/media/raghav/faces/Joel_Edgerton
/media/raghav/spectrograms/id10517,/media/raghav/faces/Joel_Kinnaman
/media/raghav/spectrograms/id10518,/media/raghav/faces/Joel_McHale
/media/raghav/spectrograms/id10519,/media/raghav/faces/John_Abraham
/media/raghav/spectrograms/id10520,/media/raghav/faces/John_Amos
/media/raghav/spectrograms/id10521,/media/raghav/faces/John_Barrowman
/media/raghav/spectrograms/id10522,/media/raghav/faces/John_Carroll_Lynch
/media/raghav/spectrograms/id10523,/media/raghav/faces/John_Cho
/media/raghav/spectrograms/id10524,/media/raghav/faces/John_Cleese
/media/raghav/spectrograms/id10525,/media/raghav/faces/John_Corbett
/media/raghav/spectrograms/id10526,/media/raghav/faces/John_DiMaggio
/media/raghav/spectrograms/id10527,/media/raghav/faces/John_Francis_Daley
/media/raghav/spectrograms/id10529,/media/raghav/faces/John_Goodman
/media/raghav/spectrograms/id10530,/media/raghav/faces/John_Hawkes
/media/raghav/spectrograms/id10531,/media/raghav/faces/John_Hodgman
/media/raghav/spectrograms/id10532,/media/raghav/faces/John_Hurt
/media/raghav/spectrograms/id10533,/media/raghav/faces/John_Krasinski
/media/raghav/spectrograms/id10534,/media/raghav/faces/John_Larroquette
/media/raghav/spectrograms/id10535,/media/raghav/faces/John_Lasseter
/media/raghav/spectrograms/id10536,/media/raghav/faces/John_Lloyd_Young
/media/raghav/spectrograms/id10537,/media/raghav/faces/John_Mulaney
/media/raghav/spectrograms/id10538,/media/raghav/faces/John_Nettles
/media/raghav/spectrograms/id10539,/media/raghav/faces/John_Noble
/media/raghav/spectrograms/id10540,/media/raghav/faces/John_Oliver
/media/raghav/spectrograms/id10541,/media/raghav/faces/John_Rhys-Davies
/media/raghav/spectrograms/id10542,/media/raghav/faces/John_Simm
/media/raghav/spectrograms/id10543,/media/raghav/faces/John_Slattery
/media/raghav/spectrograms/id10544,/media/raghav/faces/John_Terry
/media/raghav/spectrograms/id10545,/media/raghav/faces/John_Turturro
/media/raghav/spectrograms/id10546,/media/raghav/faces/Johnathon_Schaech
/media/raghav/spectrograms/id10547,/media/raghav/faces/Johnny_Galecki
/media/raghav/spectrograms/id10548,/media/raghav/faces/Jon_Favreau
/media/raghav/spectrograms/id10549,/media/raghav/faces/Jon_Huertas
/media/raghav/spectrograms/id10550,/media/raghav/faces/Jon_Lovitz
/media/raghav/spectrograms/id10551,/media/raghav/faces/Jon_Pertwee
/media/raghav/spectrograms/id10552,/media/raghav/faces/Jon_Seda
/media/raghav/spectrograms/id10553,/media/raghav/faces/Jonathan_Jackson
/media/raghav/spectrograms/id10554,/media/raghav/faces/Jonathan_Rhys_Meyers
/media/raghav/spectrograms/id10555,/media/raghav/faces/Jordan_Gavaris
/media/raghav/spectrograms/id10556,/media/raghav/faces/Jordana_Brewster
/media/raghav/spectrograms/id10557,/media/raghav/faces/Jordin_Sparks
/media/raghav/spectrograms/id10558,/media/raghav/faces/Jorge_Garcia
/media/raghav/spectrograms/id10559,/media/raghav/faces/Jorja_Fox
/media/raghav/spectrograms/id10560,/media/raghav/faces/Joseph_Gordon-Levitt
/media/raghav/spectrograms/id10561,/media/raghav/faces/Josh_Brolin
/media/raghav/spectrograms/id10562,/media/raghav/faces/Josh_Duhamel
/media/raghav/spectrograms/id10563,/media/raghav/faces/Josh_Gad
/media/raghav/spectrograms/id10564,/media/raghav/faces/Josh_Groban
/media/raghav/spectrograms/id10565,/media/raghav/faces/Josh_Henderson
/media/raghav/spectrograms/id10566,/media/raghav/faces/Josh_Peck
/media/raghav/spectrograms/id10567,/media/raghav/faces/Josh_Radnor
/media/raghav/spectrograms/id10568,/media/raghav/faces/Joss_Stone
/media/raghav/spectrograms/id10569,/media/raghav/faces/Joss_Whedon
/media/raghav/spectrograms/id10570,/media/raghav/faces/Judith_Light
/media/raghav/spectrograms/id10571,/media/raghav/faces/Judy_Sheindlin
/media/raghav/spectrograms/id10572,/media/raghav/faces/Julia_Louis-Dreyfus
/media/raghav/spectrograms/id10573,/media/raghav/faces/Julia_Roberts
/media/raghav/spectrograms/id10574,/media/raghav/faces/Julia_Stiles
/media/raghav/spectrograms/id10575,/media/raghav/faces/Julian_Sands
/media/raghav/spectrograms/id10576,/media/raghav/faces/Julianne_Hough
/media/raghav/spectrograms/id10577,/media/raghav/faces/Julianne_Nicholson
/media/raghav/spectrograms/id10578,/media/raghav/faces/Julie_Chen
/media/raghav/spectrograms/id10579,/media/raghav/faces/Julie_Gonzalo
/media/raghav/spectrograms/id10580,/media/raghav/faces/Julie_Walters
/media/raghav/spectrograms/id10581,/media/raghav/faces/Justine_Ezarik
/media/raghav/spectrograms/id10582,/media/raghav/faces/Kal_Penn
/media/raghav/spectrograms/id10583,/media/raghav/faces/Kangana_Ranaut
/media/raghav/spectrograms/id10584,/media/raghav/faces/Karan_Brar
/media/raghav/spectrograms/id10585,/media/raghav/faces/Karl_Malden
/media/raghav/spectrograms/id10586,/media/raghav/faces/Karla_Souza
/media/raghav/spectrograms/id10587,/media/raghav/faces/Karoline_Herfurth
/media/raghav/spectrograms/id10588,/media/raghav/faces/Kat_Dennings
/media/raghav/spectrograms/id10589,/media/raghav/faces/Kate_Beckinsale
/media/raghav/spectrograms/id10590,/media/raghav/faces/Kate_Flannery
/media/raghav/spectrograms/id10591,/media/raghav/faces/Kate_Mansi
/media/raghav/spectrograms/id10592,/media/raghav/faces/Kate_Mara
/media/raghav/spectrograms/id10593,/media/raghav/faces/Kate_McKinnon
/media/raghav/spectrograms/id10594,/media/raghav/faces/Kate_Mulgrew
/media/raghav/spectrograms/id10595,/media/raghav/faces/Kate_Voegele
/media/raghav/spectrograms/id10596,/media/raghav/faces/Kate_Walsh
/media/raghav/spectrograms/id10597,/media/raghav/faces/Katee_Sackhoff
/media/raghav/spectrograms/id10598,/media/raghav/faces/Katey_Sagal
/media/raghav/spectrograms/id10599,/media/raghav/faces/Katharine_McPhee
/media/raghav/spectrograms/id10600,/media/raghav/faces/Katherine_Heigl
/media/raghav/spectrograms/id10601,/media/raghav/faces/Katherine_Jenkins
/media/raghav/spectrograms/id10602,/media/raghav/faces/Katherine_McNamara
/media/raghav/spectrograms/id10603,/media/raghav/faces/Katheryn_Winnick
/media/raghav/spectrograms/id10604,/media/raghav/faces/Kathie_Lee_Gifford
/media/raghav/spectrograms/id10605,/media/raghav/faces/Kathleen_Robertson
/media/raghav/spectrograms/id10606,/media/raghav/faces/Kathryn_Hahn
/media/raghav/spectrograms/id10607,/media/raghav/faces/Kathryn_Joosten
/media/raghav/spectrograms/id10608,/media/raghav/faces/Kathryn_McCormick
/media/raghav/spectrograms/id10609,/media/raghav/faces/Kathryn_Prescott
/media/raghav/spectrograms/id10610,/media/raghav/faces/Kathy_Griffin
/media/raghav/spectrograms/id10611,/media/raghav/faces/Katie_Aselton
/media/raghav/spectrograms/id10612,/media/raghav/faces/Katie_Cleary
/media/raghav/spectrograms/id10613,/media/raghav/faces/Katie_Leclerc
/media/raghav/spectrograms/id10614,/media/raghav/faces/Katie_Stevens
/media/raghav/spectrograms/id10615,/media/raghav/faces/Katy_Perry
/media/raghav/spectrograms/id10616,/media/raghav/faces/Kaya_Scodelario
/media/raghav/spectrograms/id10617,/media/raghav/faces/Kayvan_Novak
/media/raghav/spectrograms/id10618,/media/raghav/faces/Keegan_Allen
/media/raghav/spectrograms/id10619,/media/raghav/faces/Keegan_Connor_Tracy
/media/raghav/spectrograms/id10620,/media/raghav/faces/Keeley_Hawes
/media/raghav/spectrograms/id10621,/media/raghav/faces/Kel_Mitchell
/media/raghav/spectrograms/id10622,/media/raghav/faces/Kellan_Lutz
/media/raghav/spectrograms/id10623,/media/raghav/faces/Kelli_Berglund
/media/raghav/spectrograms/id10624,/media/raghav/faces/Kelli_Giddish
/media/raghav/spectrograms/id10625,/media/raghav/faces/Kelli_Williams
/media/raghav/spectrograms/id10626,/media/raghav/faces/Kelly_Brook
/media/raghav/spectrograms/id10627,/media/raghav/faces/Kelly_Macdonald
/media/raghav/spectrograms/id10628,/media/raghav/faces/Kelly_Monaco
/media/raghav/spectrograms/id10629,/media/raghav/faces/Kelly_Reilly
/media/raghav/spectrograms/id10630,/media/raghav/faces/Kelly_Rutherford
/media/raghav/spectrograms/id10631,/media/raghav/faces/Ken_Jeong
/media/raghav/spectrograms/id10632,/media/raghav/faces/Ken_Marino
/media/raghav/spectrograms/id10633,/media/raghav/faces/Kenan_Thompson
/media/raghav/spectrograms/id10634,/media/raghav/faces/Kendra_Wilkinson
/media/raghav/spectrograms/id10635,/media/raghav/faces/Kenny_Rogers
/media/raghav/spectrograms/id10636,/media/raghav/faces/Kenton_Duty
/media/raghav/spectrograms/id10637,/media/raghav/faces/Kenya_Moore
/media/raghav/spectrograms/id10638,/media/raghav/faces/Keri_Hilson
/media/raghav/spectrograms/id10639,/media/raghav/faces/Keri_Russell
/media/raghav/spectrograms/id10640,/media/raghav/faces/Kesha
/media/raghav/spectrograms/id10641,/media/raghav/faces/Kevin_Bacon
/media/raghav/spectrograms/id10642,/media/raghav/faces/Kevin_Clash
/media/raghav/spectrograms/id10643,/media/raghav/faces/Kevin_McHale
/media/raghav/spectrograms/id10644,/media/raghav/faces/Kevin_Smith
/media/raghav/spectrograms/id10645,/media/raghav/faces/Kid_Rock
/media/raghav/spectrograms/id10646,/media/raghav/faces/Kiefer_Sutherland
/media/raghav/spectrograms/id10647,/media/raghav/faces/Kiernan_Shipka
/media/raghav/spectrograms/id10648,/media/raghav/faces/Kierston_Wareing
/media/raghav/spectrograms/id10649,/media/raghav/faces/Kim_Raver
/media/raghav/spectrograms/id10650,/media/raghav/faces/Kim_Zolciak-Biermann
/media/raghav/spectrograms/id10651,/media/raghav/faces/Kimberly_Elise
/media/raghav/spectrograms/id10652,/media/raghav/faces/Kimberly_Williams-Paisley
/media/raghav/spectrograms/id10653,/media/raghav/faces/Kirsten_Vangsness
/media/raghav/spectrograms/id10654,/media/raghav/faces/Kodi_Smit-McPhee
/media/raghav/spectrograms/id10655,/media/raghav/faces/Kris_Jenner
/media/raghav/spectrograms/id10656,/media/raghav/faces/Kristen_Bell
/media/raghav/spectrograms/id10657,/media/raghav/faces/Kristen_Johnston
/media/raghav/spectrograms/id10658,/media/raghav/faces/Kristen_Schaal
/media/raghav/spectrograms/id10659,/media/raghav/faces/Kristen_Stewart
/media/raghav/spectrograms/id10660,/media/raghav/faces/Kristen_Wiig
/media/raghav/spectrograms/id10661,/media/raghav/faces/Kristian_Alfonso
/media/raghav/spectrograms/id10662,/media/raghav/faces/Kriti_Sanon
/media/raghav/spectrograms/id10663,/media/raghav/faces/Kuno_Becker
/media/raghav/spectrograms/id10664,/media/raghav/faces/Kyle_MacLachlan
/media/raghav/spectrograms/id10665,/media/raghav/faces/Kyle_Richards
/media/raghav/spectrograms/id10666,/media/raghav/faces/Kylie_Minogue
/media/raghav/spectrograms/id10667,/media/raghav/faces/Kym_Whitley
/media/raghav/spectrograms/id10668,/media/raghav/faces/La_La_Anthony
/media/raghav/spectrograms/id10669,/media/raghav/faces/Lacey_Turner
/media/raghav/spectrograms/id10670,/media/raghav/faces/Laura_Benanti
/media/raghav/spectrograms/id10671,/media/raghav/faces/Laura_Carmichael
/media/raghav/spectrograms/id10672,/media/raghav/faces/Laura_Dern
/media/raghav/spectrograms/id10673,/media/raghav/faces/Laura_Haddock
/media/raghav/spectrograms/id10674,/media/raghav/faces/Lauryn_Hill
/media/raghav/spectrograms/id10675,/media/raghav/faces/Lavell_Crawford
/media/raghav/spectrograms/id10676,/media/raghav/faces/Laverne_Cox
/media/raghav/spectrograms/id10677,/media/raghav/faces/Laz_Alonso
/media/raghav/spectrograms/id10678,/media/raghav/faces/Lea_Michele
/media/raghav/spectrograms/id10679,/media/raghav/faces/Lea_Salonga
/media/raghav/spectrograms/id10680,/media/raghav/faces/Lea_Thompson
/media/raghav/spectrograms/id10681,/media/raghav/faces/Lena_Horne
/media/raghav/spectrograms/id10682,/media/raghav/faces/Leonor_Watling
/media/raghav/spectrograms/id10683,/media/raghav/faces/Lesley_Manville
/media/raghav/spectrograms/id10684,/media/raghav/faces/Leslie_Bibb
/media/raghav/spectrograms/id10685,/media/raghav/faces/Leslie_Mann
/media/raghav/spectrograms/id10686,/media/raghav/faces/Lily_Cole
/media/raghav/spectrograms/id10687,/media/raghav/faces/Lily_Collins
/media/raghav/spectrograms/id10688,/media/raghav/faces/Lin_Shaye
/media/raghav/spectrograms/id10689,/media/raghav/faces/Linda_Cardellini
/media/raghav/spectrograms/id10690,/media/raghav/faces/Linda_Evans
/media/raghav/spectrograms/id10691,/media/raghav/faces/Linda_Gray
/media/raghav/spectrograms/id10692,/media/raghav/faces/Linda_Lavin
/media/raghav/spectrograms/id10693,/media/raghav/faces/Lindsay_Duncan
/media/raghav/spectrograms/id10694,/media/raghav/faces/Lindsey_Morgan
/media/raghav/spectrograms/id10695,/media/raghav/faces/Lisa_Edelstein
/media/raghav/spectrograms/id10696,/media/raghav/faces/Lisa_Kudrow
/media/raghav/spectrograms/id10697,/media/raghav/faces/Lisa_Ray
/media/raghav/spectrograms/id10698,/media/raghav/faces/Lisa_Rinna
/media/raghav/spectrograms/id10699,/media/raghav/faces/Lisa_Whelchel
/media/raghav/spectrograms/id10700,/media/raghav/faces/Lizzy_Caplan
/media/raghav/spectrograms/id10701,/media/raghav/faces/Loan_Chabanol
/media/raghav/spectrograms/id10702,/media/raghav/faces/Lolo_Jones
/media/raghav/spectrograms/id10703,/media/raghav/faces/Lorde
/media/raghav/spectrograms/id10704,/media/raghav/faces/Lorenza_Izzo
/media/raghav/spectrograms/id10705,/media/raghav/faces/Loretta_Devine
/media/raghav/spectrograms/id10706,/media/raghav/faces/Loretta_Swit
/media/raghav/spectrograms/id10707,/media/raghav/faces/Lotte_Verbeek
/media/raghav/spectrograms/id10708,/media/raghav/faces/Lou_Diamond_Phillips
/media/raghav/spectrograms/id10709,/media/raghav/faces/Lou_Ferrigno
/media/raghav/spectrograms/id10711,/media/raghav/faces/Louis_Theroux
/media/raghav/spectrograms/id10712,/media/raghav/faces/Luc_Besson
/media/raghav/spectrograms/id10713,/media/raghav/faces/Lucas_Cruikshank
/media/raghav/spectrograms/id10714,/media/raghav/faces/Lucas_Grabeel
/media/raghav/spectrograms/id10715,/media/raghav/faces/Lucie_Arnaz
/media/raghav/spectrograms/id10716,/media/raghav/faces/Lucy_Hale
/media/raghav/spectrograms/id10717,/media/raghav/faces/Lucy_Punch
/media/raghav/spectrograms/id10718,/media/raghav/faces/Ludacris
/media/raghav/spectrograms/id10719,/media/raghav/faces/Luke_Arnold
/media/raghav/spectrograms/id10720,/media/raghav/faces/Luke_Evans
/media/raghav/spectrograms/id10721,/media/raghav/faces/Luke_Newberry
/media/raghav/spectrograms/id10722,/media/raghav/faces/Maggie_Gyllenhaal
/media/raghav/spectrograms/id10723,/media/raghav/faces/Malin_Akerman
/media/raghav/spectrograms/id10724,/media/raghav/faces/Mallika_Sherawat
/media/raghav/spectrograms/id10725,/media/raghav/faces/Mamie_Gummer
/media/raghav/spectrograms/id10726,/media/raghav/faces/Mandy_Patinkin
/media/raghav/spectrograms/id10727,/media/raghav/faces/Manish_Dayal
/media/raghav/spectrograms/id10728,/media/raghav/faces/Marc_Blucas
/media/raghav/spectrograms/id10729,/media/raghav/faces/Marc_Forster
/media/raghav/spectrograms/id10730,/media/raghav/faces/Marc_Webb
/media/raghav/spectrograms/id10731,/media/raghav/faces/Marcia_Cross
/media/raghav/spectrograms/id10732,/media/raghav/faces/Marcia_Gay_Harden
/media/raghav/spectrograms/id10733,/media/raghav/faces/Margo_Martindale
/media/raghav/spectrograms/id10734,/media/raghav/faces/Margot_Robbie
/media/raghav/spectrograms/id10735,/media/raghav/faces/Maria_Bamford
/media/raghav/spectrograms/id10736,/media/raghav/faces/Maria_Canals-Barrera
/media/raghav/spectrograms/id10737,/media/raghav/faces/Maria_Grazia_Cucinotta
/media/raghav/spectrograms/id10738,/media/raghav/faces/Maria_Menounos
/media/raghav/spectrograms/id10739,/media/raghav/faces/Maria_Sharapova
/media/raghav/spectrograms/id10740,/media/raghav/faces/Maria_de_Medeiros
/media/raghav/spectrograms/id10741,/media/raghav/faces/Marie_Avgeropoulos
/media/raghav/spectrograms/id10742,/media/raghav/faces/Marie_Osmond
/media/raghav/spectrograms/id10743,/media/raghav/faces/Mariel_Hemingway
/media/raghav/spectrograms/id10744,/media/raghav/faces/Marilu_Henner
/media/raghav/spectrograms/id10745,/media/raghav/faces/Mario_Casas
/media/raghav/spectrograms/id10746,/media/raghav/faces/Mario_Lopez
/media/raghav/spectrograms/id10747,/media/raghav/faces/Marion_Cotillard
/media/raghav/spectrograms/id10748,/media/raghav/faces/Marion_Ross
/media/raghav/spectrograms/id10749,/media/raghav/faces/Marisa_Miller
/media/raghav/spectrograms/id10750,/media/raghav/faces/Mark_Feuerstein
/media/raghav/spectrograms/id10751,/media/raghav/faces/Mark_Gatiss
/media/raghav/spectrograms/id10752,/media/raghav/faces/Mark_Hamill
/media/raghav/spectrograms/id10753,/media/raghav/faces/Mark_Harmon
/media/raghav/spectrograms/id10754,/media/raghav/faces/Mark_Ruffalo
/media/raghav/spectrograms/id10755,/media/raghav/faces/Mark_Sheppard
/media/raghav/spectrograms/id10756,/media/raghav/faces/Mark_Strong
/media/raghav/spectrograms/id10757,/media/raghav/faces/Mark_Webber
/media/raghav/spectrograms/id10758,/media/raghav/faces/Marla_Gibbs
/media/raghav/spectrograms/id10759,/media/raghav/faces/Martin_Clunes
/media/raghav/spectrograms/id10760,/media/raghav/faces/Martin_Henderson
/media/raghav/spectrograms/id10761,/media/raghav/faces/Martin_Kove
/media/raghav/spectrograms/id10763,/media/raghav/faces/Martine_McCutcheon
/media/raghav/spectrograms/id10764,/media/raghav/faces/Mary-Louise_Parker
/media/raghav/spectrograms/id10765,/media/raghav/faces/Mary_Elizabeth_Winstead
/media/raghav/spectrograms/id10766,/media/raghav/faces/Mary_Lynn_Rajskub
/media/raghav/spectrograms/id10767,/media/raghav/faces/Mary_McDonnell
/media/raghav/spectrograms/id10768,/media/raghav/faces/Mathieu_Amalric
/media/raghav/spectrograms/id10769,/media/raghav/faces/Mathieu_Kassovitz
/media/raghav/spectrograms/id10770,/media/raghav/faces/Mathilda_May
/media/raghav/spectrograms/id10771,/media/raghav/faces/Matt_Bomer
/media/raghav/spectrograms/id10772,/media/raghav/faces/Matt_Dallas
/media/raghav/spectrograms/id10773,/media/raghav/faces/Matt_Lanter
/media/raghav/spectrograms/id10774,/media/raghav/faces/Matt_Smith
/media/raghav/spectrograms/id10775,/media/raghav/faces/Matthew_Fox
/media/raghav/spectrograms/id10776,/media/raghav/faces/Matthew_Goode
/media/raghav/spectrograms/id10777,/media/raghav/faces/Matthew_Lillard
/media/raghav/spectrograms/id10778,/media/raghav/faces/Matthew_Macfadyen
/media/raghav/spectrograms/id10779,/media/raghav/faces/Matthew_Modine
/media/raghav/spectrograms/id10780,/media/raghav/faces/Matthew_Morrison
/media/raghav/spectrograms/id10781,/media/raghav/faces/Max_Adler
/media/raghav/spectrograms/id10782,/media/raghav/faces/Max_Irons
/media/raghav/spectrograms/id10783,/media/raghav/faces/Max_Schneider
/media/raghav/spectrograms/id10784,/media/raghav/faces/Max_Thieriot
/media/raghav/spectrograms/id10785,/media/raghav/faces/Maya_Rudolph
/media/raghav/spectrograms/id10786,/media/raghav/faces/Meat_Loaf
/media/raghav/spectrograms/id10787,/media/raghav/faces/Megan_Fox
/media/raghav/spectrograms/id10788,/media/raghav/faces/Meghan_Trainor
/media/raghav/spectrograms/id10789,/media/raghav/faces/Melissa_George
/media/raghav/spectrograms/id10790,/media/raghav/faces/Melissa_Leo
/media/raghav/spectrograms/id10791,/media/raghav/faces/Melissa_McCarthy
/media/raghav/spectrograms/id10792,/media/raghav/faces/Melissa_Peterman
/media/raghav/spectrograms/id10793,/media/raghav/faces/Melissa_Rauch
/media/raghav/spectrograms/id10794,/media/raghav/faces/Melissa_Rycroft
/media/raghav/spectrograms/id10795,/media/raghav/faces/Melody_Thomas_Scott
/media/raghav/spectrograms/id10796,/media/raghav/faces/Melora_Hardin
/media/raghav/spectrograms/id10797,/media/raghav/faces/Mena_Suvari
/media/raghav/spectrograms/id10798,/media/raghav/faces/Meredith_Baxter
/media/raghav/spectrograms/id10799,/media/raghav/faces/Mia_Wasikowska
/media/raghav/spectrograms/id10800,/media/raghav/faces/Michael_Bay
/media/raghav/spectrograms/id10802,/media/raghav/faces/Michael_Cera
/media/raghav/spectrograms/id10803,/media/raghav/faces/Michael_Copon
/media/raghav/spectrograms/id10804,/media/raghav/faces/Michael_Crichton
/media/raghav/spectrograms/id10805,/media/raghav/faces/Michael_Cudlitz
/media/raghav/spectrograms/id10806,/media/raghav/faces/Michael_Jai_White
/media/raghav/spectrograms/id10808,/media/raghav/faces/Michael_Kelly
/media/raghav/spectrograms/id10809,/media/raghav/faces/Michael_Madsen
/media/raghav/spectrograms/id10810,/media/raghav/faces/Michael_Mando
/media/raghav/spectrograms/id10811,/media/raghav/faces/Michael_Muhney
/media/raghav/spectrograms/id10812,/media/raghav/faces/Michael_Shannon
/media/raghav/spectrograms/id10814,/media/raghav/faces/Michael_Trevino
/media/raghav/spectrograms/id10815,/media/raghav/faces/Michael_Weatherly
/media/raghav/spectrograms/id10816,/media/raghav/faces/Michaela_Conlin
/media/raghav/spectrograms/id10817,/media/raghav/faces/Michelle_Dockery
/media/raghav/spectrograms/id10818,/media/raghav/faces/Michelle_Keegan
/media/raghav/spectrograms/id10819,/media/raghav/faces/Michelle_Krusiec
/media/raghav/spectrograms/id10820,/media/raghav/faces/Michelle_Monaghan
/media/raghav/spectrograms/id10821,/media/raghav/faces/Michelle_Stafford
/media/raghav/spectrograms/id10822,/media/raghav/faces/Michelle_Williams
/media/raghav/spectrograms/id10823,/media/raghav/faces/Mila_Kunis
/media/raghav/spectrograms/id10824,/media/raghav/faces/Miles_Teller
/media/raghav/spectrograms/id10825,/media/raghav/faces/Miley_Cyrus
/media/raghav/spectrograms/id10826,/media/raghav/faces/Milla_Jovovich
/media/raghav/spectrograms/id10827,/media/raghav/faces/Mindy_Kaling
/media/raghav/spectrograms/id10828,/media/raghav/faces/Mira_Furlan
/media/raghav/spectrograms/id10829,/media/raghav/faces/Miranda_Cosgrove
/media/raghav/spectrograms/id10830,/media/raghav/faces/Miranda_Hart
/media/raghav/spectrograms/id10831,/media/raghav/faces/Miranda_Kerr
/media/raghav/spectrograms/id10832,/media/raghav/faces/Miranda_Lambert
/media/raghav/spectrograms/id10833,/media/raghav/faces/Miranda_Richardson
/media/raghav/spectrograms/id10834,/media/raghav/faces/Miriam_Margolyes
/media/raghav/spectrograms/id10835,/media/raghav/faces/Mischa_Barton
/media/raghav/spectrograms/id10836,/media/raghav/faces/Misha_Collins
/media/raghav/spectrograms/id10837,/media/raghav/faces/Missi_Pyle
/media/raghav/spectrograms/id10838,/media/raghav/faces/Mitchel_Musso
/media/raghav/spectrograms/id10839,/media/raghav/faces/Molly_Ringwald
/media/raghav/spectrograms/id10840,/media/raghav/faces/Molly_Shannon
/media/raghav/spectrograms/id10841,/media/raghav/faces/Monica_Raymund
/media/raghav/spectrograms/id10842,/media/raghav/faces/Moon_Bloodgood
/media/raghav/spectrograms/id10843,/media/raghav/faces/Moran_Atias
/media/raghav/spectrograms/id10844,/media/raghav/faces/Morena_Baccarin
/media/raghav/spectrograms/id10845,/media/raghav/faces/Moritz_Bleibtreu
/media/raghav/spectrograms/id10846,/media/raghav/faces/MyAnna_Buring
/media/raghav/spectrograms/id10847,/media/raghav/faces/Mya
/media/raghav/spectrograms/id10848,/media/raghav/faces/Nadia_Bjorlin
/media/raghav/spectrograms/id10849,/media/raghav/faces/Nana_Visitor
/media/raghav/spectrograms/id10850,/media/raghav/faces/Nancy_Cartwright
/media/raghav/spectrograms/id10851,/media/raghav/faces/Naomie_Harris
/media/raghav/spectrograms/id10852,/media/raghav/faces/Naseeruddin_Shah
/media/raghav/spectrograms/id10853,/media/raghav/faces/Natalia_Tena
/media/raghav/spectrograms/id10854,/media/raghav/faces/Natalie_Dormer
/media/raghav/spectrograms/id10855,/media/raghav/faces/Natalie_Martinez
/media/raghav/spectrograms/id10856,/media/raghav/faces/Natalie_Portman
/media/raghav/spectrograms/id10857,/media/raghav/faces/Natalie_Zea
/media/raghav/spectrograms/id10858,/media/raghav/faces/Natascha_McElhone
/media/raghav/spectrograms/id10859,/media/raghav/faces/Nate_Parker
/media/raghav/spectrograms/id10860,/media/raghav/faces/Nathalie_Emmanuel
/media/raghav/spectrograms/id10861,/media/raghav/faces/Nathan_Fillion
/media/raghav/spectrograms/id10862,/media/raghav/faces/Nathaniel_Buzolic
/media/raghav/spectrograms/id10863,/media/raghav/faces/Naturi_Naughton
/media/raghav/spectrograms/id10864,/media/raghav/faces/Nazanin_Boniadi
/media/raghav/spectrograms/id10865,/media/raghav/faces/NeNe_Leakes
/media/raghav/spectrograms/id10866,/media/raghav/faces/Neal_McDonough
/media/raghav/spectrograms/id10867,/media/raghav/faces/Neil_Gaiman
/media/raghav/spectrograms/id10868,/media/raghav/faces/Neil_deGrasse_Tyson
/media/raghav/spectrograms/id10869,/media/raghav/faces/Nelly
/media/raghav/spectrograms/id10870,/media/raghav/faces/Nelly_Furtado
/media/raghav/spectrograms/id10871,/media/raghav/faces/Neve_Campbell
/media/raghav/spectrograms/id10872,/media/raghav/faces/Niall_Horan
/media/raghav/spectrograms/id10873,/media/raghav/faces/Nichelle_Nichols
/media/raghav/spectrograms/id10874,/media/raghav/faces/Nick_Kroll
/media/raghav/spectrograms/id10875,/media/raghav/faces/Nick_Thune
/media/raghav/spectrograms/id10876,/media/raghav/faces/Nicki_Minaj
/media/raghav/spectrograms/id10877,/media/raghav/faces/Nicola_Peltz
/media/raghav/spectrograms/id10878,/media/raghav/faces/Nicole_Beharie
/media/raghav/spectrograms/id10879,/media/raghav/faces/Nicole_Richie
/media/raghav/spectrograms/id10880,/media/raghav/faces/Nicole_Scherzinger
/media/raghav/spectrograms/id10881,/media/raghav/faces/Nikolaj_Coster-Waldau
/media/raghav/spectrograms/id10882,/media/raghav/faces/Nina_Arianda
/media/raghav/spectrograms/id10883,/media/raghav/faces/Nina_Hoss
/media/raghav/spectrograms/id10884,/media/raghav/faces/Noah_Emmerich
/media/raghav/spectrograms/id10885,/media/raghav/faces/Noel_Clarke
/media/raghav/spectrograms/id10886,/media/raghav/faces/Noel_Fielding
/media/raghav/spectrograms/id10887,/media/raghav/faces/Noomi_Rapace
/media/raghav/spectrograms/id10888,/media/raghav/faces/Norman_Reedus
/media/raghav/spectrograms/id10889,/media/raghav/faces/Octavia_Spencer
/media/raghav/spectrograms/id10890,/media/raghav/faces/Odette_Annable
/media/raghav/spectrograms/id10891,/media/raghav/faces/Odeya_Rush
/media/raghav/spectrograms/id10892,/media/raghav/faces/Olga_Kurylenko
/media/raghav/spectrograms/id10893,/media/raghav/faces/Oliver_Platt
/media/raghav/spectrograms/id10894,/media/raghav/faces/Olivia_Colman
/media/raghav/spectrograms/id10895,/media/raghav/faces/Olivia_Cooke
/media/raghav/spectrograms/id10896,/media/raghav/faces/Olivia_Holt
/media/raghav/spectrograms/id10897,/media/raghav/faces/Olivia_Munn
/media/raghav/spectrograms/id10898,/media/raghav/faces/Olivia_Thirlby
/media/raghav/spectrograms/id10899,/media/raghav/faces/Olivia_Wilde
/media/raghav/spectrograms/id10900,/media/raghav/faces/Olivia_Williams
/media/raghav/spectrograms/id10901,/media/raghav/faces/Om_Puri
/media/raghav/spectrograms/id10902,/media/raghav/faces/Omari_Hardwick
/media/raghav/spectrograms/id10903,/media/raghav/faces/Oona_Chaplin
/media/raghav/spectrograms/id10904,/media/raghav/faces/Oscar_Isaac
/media/raghav/spectrograms/id10905,/media/raghav/faces/Pablo_Schreiber
/media/raghav/spectrograms/id10906,/media/raghav/faces/Paddy_Considine
/media/raghav/spectrograms/id10907,/media/raghav/faces/Padma_Lakshmi
/media/raghav/spectrograms/id10908,/media/raghav/faces/Paget_Brewster
/media/raghav/spectrograms/id10909,/media/raghav/faces/Paloma_Faith
/media/raghav/spectrograms/id10910,/media/raghav/faces/Pamela_Adlon
/media/raghav/spectrograms/id10911,/media/raghav/faces/Paolo_Sorrentino
/media/raghav/spectrograms/id10912,/media/raghav/faces/Parineeti_Chopra
/media/raghav/spectrograms/id10913,/media/raghav/faces/Pat_Monahan
/media/raghav/spectrograms/id10914,/media/raghav/faces/Patrick_Dempsey
/media/raghav/spectrograms/id10915,/media/raghav/faces/Patrick_Duffy
/media/raghav/spectrograms/id10916,/media/raghav/faces/Patrick_Fugit
/media/raghav/spectrograms/id10917,/media/raghav/faces/Patrick_Swayze
/media/raghav/spectrograms/id10918,/media/raghav/faces/Patrick_Wilson
/media/raghav/spectrograms/id10919,/media/raghav/faces/Patton_Oswalt
/media/raghav/spectrograms/id10920,/media/raghav/faces/Paul_Dano
/media/raghav/spectrograms/id10921,/media/raghav/faces/Paul_Feig
/media/raghav/spectrograms/id10922,/media/raghav/faces/Paul_Giamatti
/media/raghav/spectrograms/id10923,/media/raghav/faces/Paul_Gross
/media/raghav/spectrograms/id10924,/media/raghav/faces/Paul_McGann
/media/raghav/spectrograms/id10925,/media/raghav/faces/Paul_Reubens
/media/raghav/spectrograms/id10926,/media/raghav/faces/Paul_Scheer
/media/raghav/spectrograms/id10927,/media/raghav/faces/Paul_Sorvino
/media/raghav/spectrograms/id10928,/media/raghav/faces/Paul_Wesley
/media/raghav/spectrograms/id10929,/media/raghav/faces/Penn_Jillette
/media/raghav/spectrograms/id10930,/media/raghav/faces/Pete_Wentz
/media/raghav/spectrograms/id10931,/media/raghav/faces/Peter_Berg
/media/raghav/spectrograms/id10932,/media/raghav/faces/Peter_Capaldi
/media/raghav/spectrograms/id10933,/media/raghav/faces/Peter_Coyote
/media/raghav/spectrograms/id10934,/media/raghav/faces/Peter_Facinelli
/media/raghav/spectrograms/id10935,/media/raghav/faces/Peter_Jackson
/media/raghav/spectrograms/id10936,/media/raghav/faces/Peter_Jacobson
/media/raghav/spectrograms/id10937,/media/raghav/faces/Philip_Glenister
/media/raghav/spectrograms/id10938,/media/raghav/faces/Phyllis_Diller
/media/raghav/spectrograms/id10939,/media/raghav/faces/Pierfrancesco_Favino
/media/raghav/spectrograms/id10940,/media/raghav/faces/Pierre_Niney
/media/raghav/spectrograms/id10941,/media/raghav/faces/Pooja_Kumar
/media/raghav/spectrograms/id10942,/media/raghav/faces/Poppy_Montgomery
/media/raghav/spectrograms/id10943,/media/raghav/faces/Preity_Zinta
/media/raghav/spectrograms/id10944,/media/raghav/faces/Prince
/media/raghav/spectrograms/id10945,/media/raghav/faces/Quentin_Tarantino
/media/raghav/spectrograms/id10946,/media/raghav/faces/RZA
/media/raghav/spectrograms/id10947,/media/raghav/faces/Rachel_Dratch
/media/raghav/spectrograms/id10948,/media/raghav/faces/Rachel_McAdams
/media/raghav/spectrograms/id10949,/media/raghav/faces/Rade_Serbedzija
/media/raghav/spectrograms/id10950,/media/raghav/faces/Raini_Rodriguez
/media/raghav/spectrograms/id10951,/media/raghav/faces/Rainn_Wilson
/media/raghav/spectrograms/id10952,/media/raghav/faces/Ralf_Little
/media/raghav/spectrograms/id10953,/media/raghav/faces/Ralph_Macchio
/media/raghav/spectrograms/id10954,/media/raghav/faces/Rami_Malek
/media/raghav/spectrograms/id10955,/media/raghav/faces/Ranbir_Kapoor
/media/raghav/spectrograms/id10956,/media/raghav/faces/Randeep_Hooda
/media/raghav/spectrograms/id10957,/media/raghav/faces/Randolph_Mantooth
/media/raghav/spectrograms/id10958,/media/raghav/faces/Raoul_Bova
/media/raghav/spectrograms/id10959,/media/raghav/faces/Ray_Winstone
/media/raghav/spectrograms/id10960,/media/raghav/faces/Reba_McEntire
/media/raghav/spectrograms/id10961,/media/raghav/faces/Rebecca_Mader
/media/raghav/spectrograms/id10962,/media/raghav/faces/Rebel_Wilson
/media/raghav/spectrograms/id10963,/media/raghav/faces/Reece_Ritchie
/media/raghav/spectrograms/id10964,/media/raghav/faces/Reggie_Lee
/media/raghav/spectrograms/id10965,/media/raghav/faces/Regina_Hall
/media/raghav/spectrograms/id10966,/media/raghav/faces/Reid_Scott
/media/raghav/spectrograms/id10967,/media/raghav/faces/Rene_Auberjonois
/media/raghav/spectrograms/id10968,/media/raghav/faces/Retta
/media/raghav/spectrograms/id10969,/media/raghav/faces/Rhys_Darby
/media/raghav/spectrograms/id10970,/media/raghav/faces/Rhys_Ifans
/media/raghav/spectrograms/id10971,/media/raghav/faces/Richard_Ayoade
/media/raghav/spectrograms/id10972,/media/raghav/faces/Richard_Dean_Anderson
/media/raghav/spectrograms/id10974,/media/raghav/faces/Richard_Hammond
/media/raghav/spectrograms/id10975,/media/raghav/faces/Richard_Kind
/media/raghav/spectrograms/id10976,/media/raghav/faces/Richard_Madden
/media/raghav/spectrograms/id10977,/media/raghav/faces/Ricky_Gervais
/media/raghav/spectrograms/id10978,/media/raghav/faces/Rico_Rodriguez
/media/raghav/spectrograms/id10979,/media/raghav/faces/Rik_Mayall
/media/raghav/spectrograms/id10980,/media/raghav/faces/Riley_Smith
/media/raghav/spectrograms/id10981,/media/raghav/faces/Rita_Ora
/media/raghav/spectrograms/id10982,/media/raghav/faces/Riz_Ahmed
/media/raghav/spectrograms/id10983,/media/raghav/faces/Rob_Brydon
/media/raghav/spectrograms/id10984,/media/raghav/faces/Rob_Corddry
/media/raghav/spectrograms/id10985,/media/raghav/faces/Rob_Dyrdek
/media/raghav/spectrograms/id10986,/media/raghav/faces/Rob_Reiner
/media/raghav/spectrograms/id10987,/media/raghav/faces/Rob_Riggle
/media/raghav/spectrograms/id10988,/media/raghav/faces/Robbie_Amell
/media/raghav/spectrograms/id10989,/media/raghav/faces/Robbie_Kay
/media/raghav/spectrograms/id10990,/media/raghav/faces/Robert_Carlyle
/media/raghav/spectrograms/id10991,/media/raghav/faces/Robert_Davi
/media/raghav/spectrograms/id10992,/media/raghav/faces/Robert_Pattinson
/media/raghav/spectrograms/id10993,/media/raghav/faces/Robert_Picardo
/media/raghav/spectrograms/id10994,/media/raghav/faces/Robert_Sheehan
/media/raghav/spectrograms/id10995,/media/raghav/faces/Robert_Vaughn
/media/raghav/spectrograms/id10996,/media/raghav/faces/Roger_Ebert
/media/raghav/spectrograms/id10997,/media/raghav/faces/Roma_Downey
/media/raghav/spectrograms/id10998,/media/raghav/faces/Romeo_Miller
/media/raghav/spectrograms/id10999,/media/raghav/faces/Ron_Jeremy
/media/raghav/spectrograms/id11000,/media/raghav/faces/Ron_Livingston
/media/raghav/spectrograms/id11001,/media/raghav/faces/Ron_Perlman
/media/raghav/spectrograms/id11002,/media/raghav/faces/Ronda_Rousey
/media/raghav/spectrograms/id11003,/media/raghav/faces/Rooney_Mara
/media/raghav/spectrograms/id11004,/media/raghav/faces/Rory_Kennedy
/media/raghav/spectrograms/id11005,/media/raghav/faces/Rose_McIver
/media/raghav/spectrograms/id11006,/media/raghav/faces/Roshon_Fegan
/media/raghav/spectrograms/id11007,/media/raghav/faces/Rosie_Huntington-Whiteley
/media/raghav/spectrograms/id11008,/media/raghav/faces/Rowan_Atkinson
/media/raghav/spectrograms/id11009,/media/raghav/faces/Ruby_Dee
/media/raghav/spectrograms/id11010,/media/raghav/faces/Rue_McClanahan
/media/raghav/spectrograms/id11011,/media/raghav/faces/Russell_Peters
/media/raghav/spectrograms/id11012,/media/raghav/faces/Russell_Tovey
/media/raghav/spectrograms/id11013,/media/raghav/faces/Ruta_Lee
/media/raghav/spectrograms/id11014,/media/raghav/faces/Rutger_Hauer
/media/raghav/spectrograms/id11015,/media/raghav/faces/Ruth_Jones
/media/raghav/spectrograms/id11016,/media/raghav/faces/Ruth_Wilson
/media/raghav/spectrograms/id11017,/media/raghav/faces/Ryan_Kwanten
/media/raghav/spectrograms/id11018,/media/raghav/faces/Ryan_McPartlin
/media/raghav/spectrograms/id11019,/media/raghav/faces/Ryan_Ochoa
/media/raghav/spectrograms/id11020,/media/raghav/faces/Ryan_Phillippe
/media/raghav/spectrograms/id11021,/media/raghav/faces/Ryan_Potter
/media/raghav/spectrograms/id11023,/media/raghav/faces/Sally_Hawkins
/media/raghav/spectrograms/id11024,/media/raghav/faces/Sam_Heughan
/media/raghav/spectrograms/id11025,/media/raghav/faces/Sam_Neill
/media/raghav/spectrograms/id11026,/media/raghav/faces/Sam_Palladio
/media/raghav/spectrograms/id11027,/media/raghav/faces/Sam_Raimi
/media/raghav/spectrograms/id11028,/media/raghav/faces/Sam_Riley
/media/raghav/spectrograms/id11029,/media/raghav/faces/Sam_Trammell
/media/raghav/spectrograms/id11030,/media/raghav/faces/Sam_Waterston
/media/raghav/spectrograms/id11031,/media/raghav/faces/Sam_Worthington
/media/raghav/spectrograms/id11032,/media/raghav/faces/Samantha_Barks
/media/raghav/spectrograms/id11033,/media/raghav/faces/Samira_Wiley
/media/raghav/spectrograms/id11034,/media/raghav/faces/Sammi_Hanratty
/media/raghav/spectrograms/id11037,/media/raghav/faces/Sanaa_Lathan
/media/raghav/spectrograms/id11038,/media/raghav/faces/Sandra_Bernhard
/media/raghav/spectrograms/id11039,/media/raghav/faces/Sandra_Oh
/media/raghav/spectrograms/id11040,/media/raghav/faces/Santiago_Cabrera
/media/raghav/spectrograms/id11041,/media/raghav/faces/Sara_Gilbert
/media/raghav/spectrograms/id11042,/media/raghav/faces/Sara_Ramirez
/media/raghav/spectrograms/id11043,/media/raghav/faces/Sarah_Bolger
/media/raghav/spectrograms/id11044,/media/raghav/faces/Sarah_Drew
/media/raghav/spectrograms/id11045,/media/raghav/faces/Sarah_Gadon
/media/raghav/spectrograms/id11046,/media/raghav/faces/Sarah_Hyland
/media/raghav/spectrograms/id11047,/media/raghav/faces/Sarah_Palin
/media/raghav/spectrograms/id11048,/media/raghav/faces/Sarah_Paulson
/media/raghav/spectrograms/id11049,/media/raghav/faces/Sarah_Wayne_Callies
/media/raghav/spectrograms/id11050,/media/raghav/faces/Sasha_Pieterse
/media/raghav/spectrograms/id11051,/media/raghav/faces/Scott_Bakula
/media/raghav/spectrograms/id11052,/media/raghav/faces/Scott_Porter
/media/raghav/spectrograms/id11053,/media/raghav/faces/Scott_Speedman
/media/raghav/spectrograms/id11054,/media/raghav/faces/Sean_Bean
/media/raghav/spectrograms/id11055,/media/raghav/faces/Sean_Connery
/media/raghav/spectrograms/id11056,/media/raghav/faces/Sean_Kanan
/media/raghav/spectrograms/id11057,/media/raghav/faces/Sean_Maher
/media/raghav/spectrograms/id11058,/media/raghav/faces/Sean_Patrick_Flanery
/media/raghav/spectrograms/id11059,/media/raghav/faces/Sean_Pertwee
/media/raghav/spectrograms/id11060,/media/raghav/faces/Seann_William_Scott
/media/raghav/spectrograms/id11061,/media/raghav/faces/Sebastian_De_Souza
/media/raghav/spectrograms/id11062,/media/raghav/faces/Sela_Ward
/media/raghav/spectrograms/id11063,/media/raghav/faces/Selma_Blair
/media/raghav/spectrograms/id11064,/media/raghav/faces/Sendhil_Ramamurthy
/media/raghav/spectrograms/id11065,/media/raghav/faces/Senta_Berger
/media/raghav/spectrograms/id11066,/media/raghav/faces/Serinda_Swan
/media/raghav/spectrograms/id11067,/media/raghav/faces/Seth_Green
/media/raghav/spectrograms/id11068,/media/raghav/faces/Seth_MacFarlane
/media/raghav/spectrograms/id11069,/media/raghav/faces/Seth_Meyers
/media/raghav/spectrograms/id11070,/media/raghav/faces/Seth_Rogen
/media/raghav/spectrograms/id11071,/media/raghav/faces/Shahid_Kapoor
/media/raghav/spectrograms/id11072,/media/raghav/faces/Shailene_Woodley
/media/raghav/spectrograms/id11073,/media/raghav/faces/Shane_West
/media/raghav/spectrograms/id11074,/media/raghav/faces/Shannen_Doherty
/media/raghav/spectrograms/id11075,/media/raghav/faces/Sharlto_Copley
/media/raghav/spectrograms/id11076,/media/raghav/faces/Sharni_Vinson
/media/raghav/spectrograms/id11077,/media/raghav/faces/Sharon_Gless
/media/raghav/spectrograms/id11078,/media/raghav/faces/Shay_Mitchell
/media/raghav/spectrograms/id11079,/media/raghav/faces/Shemar_Moore
/media/raghav/spectrograms/id11080,/media/raghav/faces/Sheridan_Smith
/media/raghav/spectrograms/id11081,/media/raghav/faces/Sherri_Saum
/media/raghav/spectrograms/id11082,/media/raghav/faces/Sherri_Shepherd
/media/raghav/spectrograms/id11083,/media/raghav/faces/Sheryl_Lee_Ralph
/media/raghav/spectrograms/id11084,/media/raghav/faces/Shiloh_Fernandez
/media/raghav/spectrograms/id11085,/media/raghav/faces/Shiri_Appleby
/media/raghav/spectrograms/id11086,/media/raghav/faces/Shirley_Manson
/media/raghav/spectrograms/id11087,/media/raghav/faces/Shohreh_Aghdashloo
/media/raghav/spectrograms/id11088,/media/raghav/faces/Shonda_Rhimes
/media/raghav/spectrograms/id11089,/media/raghav/faces/Shraddha_Kapoor
/media/raghav/spectrograms/id11090,/media/raghav/faces/Sidharth_Malhotra
/media/raghav/spectrograms/id11091,/media/raghav/faces/Sidse_Babett_Knudsen
/media/raghav/spectrograms/id11092,/media/raghav/faces/Sienna_Guillory
/media/raghav/spectrograms/id11093,/media/raghav/faces/Silas_Weir_Mitchell
/media/raghav/spectrograms/id11094,/media/raghav/faces/Simon_Baker
/media/raghav/spectrograms/id11095,/media/raghav/faces/Simon_Callow
/media/raghav/spectrograms/id11096,/media/raghav/faces/Simon_Pegg
/media/raghav/spectrograms/id11097,/media/raghav/faces/Skylar_Astin
/media/raghav/spectrograms/id11098,/media/raghav/faces/Smokey_Robinson
/media/raghav/spectrograms/id11099,/media/raghav/faces/Sofia_Coppola
/media/raghav/spectrograms/id11100,/media/raghav/faces/Sonam_Kapoor
/media/raghav/spectrograms/id11101,/media/raghav/faces/Sonja_Sohn
/media/raghav/spectrograms/id11102,/media/raghav/faces/Sophie_Okonedo
/media/raghav/spectrograms/id11103,/media/raghav/faces/Spencer_Boldman
/media/raghav/spectrograms/id11104,/media/raghav/faces/Stacy_Keach
/media/raghav/spectrograms/id11105,/media/raghav/faces/Stan_Lee
/media/raghav/spectrograms/id11106,/media/raghav/faces/Stana_Katic
/media/raghav/spectrograms/id11107,/media/raghav/faces/Stanley_Tucci
/media/raghav/spectrograms/id11108,/media/raghav/faces/Stefanie_Powers
/media/raghav/spectrograms/id11109,/media/raghav/faces/Stephen_Baldwin
/media/raghav/spectrograms/id11110,/media/raghav/faces/Stephen_Colbert
/media/raghav/spectrograms/id11111,/media/raghav/faces/Stephen_Fry
/media/raghav/spectrograms/id11112,/media/raghav/faces/Stephen_Lang
/media/raghav/spectrograms/id11113,/media/raghav/faces/Stephen_Mangan
/media/raghav/spectrograms/id11114,/media/raghav/faces/Stephen_Merchant
/media/raghav/spectrograms/id11115,/media/raghav/faces/Sterling_Knight
/media/raghav/spectrograms/id11116,/media/raghav/faces/Steve_Burton
/media/raghav/spectrograms/id11117,/media/raghav/faces/Steve_Carell
/media/raghav/spectrograms/id11118,/media/raghav/faces/Steve_Harvey
/media/raghav/spectrograms/id11119,/media/raghav/faces/Steve_Jobs
/media/raghav/spectrograms/id11120,/media/raghav/faces/Steve_Martin
/media/raghav/spectrograms/id11121,/media/raghav/faces/Steven_Bauer
/media/raghav/spectrograms/id11122,/media/raghav/faces/Steven_Berkoff
/media/raghav/spectrograms/id11123,/media/raghav/faces/Steven_Moffat
/media/raghav/spectrograms/id11125,/media/raghav/faces/Steven_Soderbergh
/media/raghav/spectrograms/id11126,/media/raghav/faces/Steven_Yeun
/media/raghav/spectrograms/id11127,/media/raghav/faces/Stevie_Wonder
/media/raghav/spectrograms/id11128,/media/raghav/faces/Sung_Kang
/media/raghav/spectrograms/id11129,/media/raghav/faces/Sunny_Leone
/media/raghav/spectrograms/id11130,/media/raghav/faces/Suraj_Sharma
/media/raghav/spectrograms/id11131,/media/raghav/faces/Susan_Lucci
/media/raghav/spectrograms/id11132,/media/raghav/faces/Susanne_Bier
/media/raghav/spectrograms/id11133,/media/raghav/faces/Suzanne_Pleshette
/media/raghav/spectrograms/id11134,/media/raghav/faces/Sydney_Pollack
/media/raghav/spectrograms/id11136,/media/raghav/faces/Tabu
/media/raghav/spectrograms/id11137,/media/raghav/faces/Tahj_Mowry
/media/raghav/spectrograms/id11138,/media/raghav/faces/Tahmoh_Penikett
/media/raghav/spectrograms/id11139,/media/raghav/faces/Tamala_Jones
/media/raghav/spectrograms/id11140,/media/raghav/faces/Tamara_Taylor
/media/raghav/spectrograms/id11141,/media/raghav/faces/Tamara_Tunie
/media/raghav/spectrograms/id11142,/media/raghav/faces/Tamer_Hassan
/media/raghav/spectrograms/id11143,/media/raghav/faces/Tamera_Mowry-Housley
/media/raghav/spectrograms/id11144,/media/raghav/faces/Tamsin_Greig
/media/raghav/spectrograms/id11145,/media/raghav/faces/Tanya_Tate
/media/raghav/spectrograms/id11147,/media/raghav/faces/Taryn_Manning
/media/raghav/spectrograms/id11148,/media/raghav/faces/Tatiana_Maslany
/media/raghav/spectrograms/id11149,/media/raghav/faces/Tatyana_Ali
/media/raghav/spectrograms/id11150,/media/raghav/faces/Tavi_Gevinson
/media/raghav/spectrograms/id11151,/media/raghav/faces/Taylor_Kitsch
/media/raghav/spectrograms/id11152,/media/raghav/faces/Taylor_Lautner
/media/raghav/spectrograms/id11153,/media/raghav/faces/Taylor_Momsen
/media/raghav/spectrograms/id11154,/media/raghav/faces/Taylor_Swift
/media/raghav/spectrograms/id11155,/media/raghav/faces/Teala_Dunn
/media/raghav/spectrograms/id11156,/media/raghav/faces/Ted_Danson
/media/raghav/spectrograms/id11157,/media/raghav/faces/Terence_Stamp
/media/raghav/spectrograms/id11158,/media/raghav/faces/Teri_Hatcher
/media/raghav/spectrograms/id11159,/media/raghav/faces/Terrence_Howard
/media/raghav/spectrograms/id11160,/media/raghav/faces/Thandie_Newton
/media/raghav/spectrograms/id11161,/media/raghav/faces/Theo_James
/media/raghav/spectrograms/id11162,/media/raghav/faces/Theo_Rossi
/media/raghav/spectrograms/id11163,/media/raghav/faces/Thomas_Dekker
/media/raghav/spectrograms/id11164,/media/raghav/faces/Thomas_Gibson
/media/raghav/spectrograms/id11165,/media/raghav/faces/Thomas_Haden_Church
/media/raghav/spectrograms/id11166,/media/raghav/faces/Thomas_Ian_Nicholas
/media/raghav/spectrograms/id11167,/media/raghav/faces/Thomas_Jane
/media/raghav/spectrograms/id11168,/media/raghav/faces/Thomas_Lennon
/media/raghav/spectrograms/id11169,/media/raghav/faces/Tilda_Swinton
/media/raghav/spectrograms/id11170,/media/raghav/faces/Tim_Burton
/media/raghav/spectrograms/id11171,/media/raghav/faces/Tim_Daly
/media/raghav/spectrograms/id11172,/media/raghav/faces/Tim_Gunn
/media/raghav/spectrograms/id11173,/media/raghav/faces/Tim_Minchin
/media/raghav/spectrograms/id11174,/media/raghav/faces/Timothy_Spall
/media/raghav/spectrograms/id11175,/media/raghav/faces/Tinsel_Korey
/media/raghav/spectrograms/id11176,/media/raghav/faces/Titus_Welliver
/media/raghav/spectrograms/id11177,/media/raghav/faces/Toby_Jones
/media/raghav/spectrograms/id11178,/media/raghav/faces/Toby_Stephens
/media/raghav/spectrograms/id11179,/media/raghav/faces/Todd_Lasance
/media/raghav/spectrograms/id11180,/media/raghav/faces/Tom_Arnold
/media/raghav/spectrograms/id11181,/media/raghav/faces/Tom_Bergeron
/media/raghav/spectrograms/id11182,/media/raghav/faces/Tom_Ford
/media/raghav/spectrograms/id11183,/media/raghav/faces/Tom_Hiddleston
/media/raghav/spectrograms/id11184,/media/raghav/faces/Tom_Hooper
/media/raghav/spectrograms/id11185,/media/raghav/faces/Tom_Kenny
/media/raghav/spectrograms/id11186,/media/raghav/faces/Tom_Mison
/media/raghav/spectrograms/id11187,/media/raghav/faces/Tom_Selleck
/media/raghav/spectrograms/id11188,/media/raghav/faces/Tony_Curran
/media/raghav/spectrograms/id11189,/media/raghav/faces/Tracey_Gold
/media/raghav/spectrograms/id11190,/media/raghav/faces/Tracy_Morgan
/media/raghav/spectrograms/id11191,/media/raghav/faces/Tristan_Wilds
/media/raghav/spectrograms/id11192,/media/raghav/faces/Troye_Sivan
/media/raghav/spectrograms/id11193,/media/raghav/faces/Tupac_Shakur
/media/raghav/spectrograms/id11194,/media/raghav/faces/Ty_Pennington
/media/raghav/spectrograms/id11195,/media/raghav/faces/Tye_Sheridan
/media/raghav/spectrograms/id11196,/media/raghav/faces/Tyler_Blackburn
/media/raghav/spectrograms/id11197,/media/raghav/faces/Tyler_Hoechlin
/media/raghav/spectrograms/id11198,/media/raghav/faces/Tyler_James_Williams
/media/raghav/spectrograms/id11199,/media/raghav/faces/Usher_Raymond
/media/raghav/spectrograms/id11200,/media/raghav/faces/Uzo_Aduba
/media/raghav/spectrograms/id11201,/media/raghav/faces/Vanessa_Hudgens
/media/raghav/spectrograms/id11202,/media/raghav/faces/Vanessa_Lachey
/media/raghav/spectrograms/id11203,/media/raghav/faces/Vanessa_Marcil
/media/raghav/spectrograms/id11204,/media/raghav/faces/Vanilla_Ice
/media/raghav/spectrograms/id11205,/media/raghav/faces/Veronica_Ferres
/media/raghav/spectrograms/id11206,/media/raghav/faces/Vicky_McClure
/media/raghav/spectrograms/id11207,/media/raghav/faces/Victoria_Justice
/media/raghav/spectrograms/id11208,/media/raghav/faces/Victoria_Rowell
/media/raghav/spectrograms/id11209,/media/raghav/faces/Vidya_Balan
/media/raghav/spectrograms/id11210,/media/raghav/faces/Viggo_Mortensen
/media/raghav/spectrograms/id11211,/media/raghav/faces/Vince_Gilligan
/media/raghav/spectrograms/id11212,/media/raghav/faces/Vincent_Cassel
/media/raghav/spectrograms/id11213,/media/raghav/faces/Vincent_Martella
/media/raghav/spectrograms/id11214,/media/raghav/faces/Vincent_Pastore
/media/raghav/spectrograms/id11215,/media/raghav/faces/Violante_Placido
/media/raghav/spectrograms/id11216,/media/raghav/faces/Virginia_Madsen
/media/raghav/spectrograms/id11217,/media/raghav/faces/Walter_Matthau
/media/raghav/spectrograms/id11218,/media/raghav/faces/Walton_Goggins
/media/raghav/spectrograms/id11219,/media/raghav/faces/Wanda_Sykes
/media/raghav/spectrograms/id11220,/media/raghav/faces/Wendell_Pierce
/media/raghav/spectrograms/id11221,/media/raghav/faces/Wendi_McLendon-Covey
/media/raghav/spectrograms/id11222,/media/raghav/faces/Wendy_Williams
/media/raghav/spectrograms/id11223,/media/raghav/faces/Wentworth_Miller
/media/raghav/spectrograms/id11224,/media/raghav/faces/Wes_Bentley
/media/raghav/spectrograms/id11225,/media/raghav/faces/Wesley_Snipes
/media/raghav/spectrograms/id11226,/media/raghav/faces/Whitney_Cummings
/media/raghav/spectrograms/id11227,/media/raghav/faces/Will_Arnett
/media/raghav/spectrograms/id11228,/media/raghav/faces/Will_Forte
/media/raghav/spectrograms/id11229,/media/raghav/faces/Will_Mellor
/media/raghav/spectrograms/id11230,/media/raghav/faces/Will_Poulter
/media/raghav/spectrograms/id11231,/media/raghav/faces/Will_Yun_Lee
/media/raghav/spectrograms/id11232,/media/raghav/faces/Willem_Dafoe
/media/raghav/spectrograms/id11233,/media/raghav/faces/William_Baldwin
/media/raghav/spectrograms/id11234,/media/raghav/faces/William_Fichtner
/media/raghav/spectrograms/id11235,/media/raghav/faces/William_Levy
/media/raghav/spectrograms/id11236,/media/raghav/faces/Wilson_Cruz
/media/raghav/spectrograms/id11237,/media/raghav/faces/Wim_Wenders
/media/raghav/spectrograms/id11238,/media/raghav/faces/Witney_Carson
/media/raghav/spectrograms/id11239,/media/raghav/faces/Woody_Harrelson
/media/raghav/spectrograms/id11240,/media/raghav/faces/Xavier_Samuel
/media/raghav/spectrograms/id11241,/media/raghav/faces/Yeardley_Smith
/media/raghav/spectrograms/id11242,/media/raghav/faces/Yvette_Nicole_Brown
/media/raghav/spectrograms/id11243,/media/raghav/faces/Zac_Efron
/media/raghav/spectrograms/id11244,/media/raghav/faces/Zach_Braff
/media/raghav/spectrograms/id11245,/media/raghav/faces/Zach_Galifianakis
/media/raghav/spectrograms/id11246,/media/raghav/faces/Zachary_Gordon
/media/raghav/spectrograms/id11247,/media/raghav/faces/Zachary_Levi
/media/raghav/spectrograms/id11248,/media/raghav/faces/Zachary_Quinto
/media/raghav/spectrograms/id11249,/media/raghav/faces/Zack_Snyder
/media/raghav/spectrograms/id11250,/media/raghav/faces/Zoe_Saldana
/media/raghav/spectrograms/id11251,/media/raghav/faces/Zulay_Henao
